"checking","duration","history","purpose","amount","savings","employed","instalp","marital","coapp","resident","property","age","other","Housing","excred","job","depends","telephone","foreign","good_bad"
"A",6,"E","D",1169,"E","E",3,"D","A",4,"A",67,"C","B",2,"C",1,"B","A","Good"
"B",48,"C","D",5951,"A","C",2,"B","A",2,"A",22,"C","B",1,"C",1,"A","A","Bad"
"D",12,"E","G",2096,"A","D",3,"B","A",3,"A",49,"C","B",1,"B",2,"A","A","Good"
"A",42,"C","C",7882,"A","D",3,"B","C",4,"B",45,"C","C",1,"C",2,"A","A","Good"
"A",24,"D","A",4870,"A","C",3,"C","A",4,"D",53,"C","C",2,"C",2,"A","A","Bad"
"D",36,"C","G",9055,"E","C",3,"B","A",4,"D",35,"C","C",1,"B",2,"B","A","Good"
"D",24,"C","C",2835,"C","E",3,"C","A",4,"B",53,"C","B",1,"C",1,"A","A","Good"
"B",36,"C","B",6948,"A","C",3,"B","A",2,"C",35,"C","A",1,"D",1,"B","A","Good"
"D",12,"C","D",3059,"D","D",1,"B","A",4,"A",61,"C","B",1,"B",1,"A","A","Good"
"B",30,"E","A",5234,"A","A",4,"D","A",2,"C",28,"C","B",2,"D",1,"A","A","Bad"
"B",12,"C","A",1295,"A","B",2,"C","A",1,"C",25,"C","A",1,"C",1,"A","A","Bad"
"A",48,"C","I",4308,"A","B",2,"C","A",4,"B",24,"C","A",1,"C",1,"A","A","Bad"
"B",12,"C","D",1567,"A","C",2,"A","A",1,"C",22,"C","B",1,"C",1,"B","A","Good"
"A",24,"E","A",1199,"A","E",3,"D","A",4,"C",60,"C","B",2,"B",1,"A","A","Bad"
"A",15,"C","A",1403,"A","C",2,"B","A",4,"C",28,"C","A",1,"C",1,"A","A","Good"
"A",24,"C","D",1282,"B","C",2,"D","A",2,"C",32,"C","B",1,"B",1,"A","A","Bad"
"D",24,"E","D",2424,"E","E",3,"D","A",4,"B",53,"C","B",2,"C",1,"A","A","Good"
"A",30,"A","I",8072,"E","B",3,"B","A",3,"C",25,"A","B",3,"C",1,"A","A","Good"
"B",24,"C","B",12579,"A","E",2,"D","A",2,"D",44,"C","C",1,"D",1,"B","A","Bad"
"D",24,"C","D",3430,"C","E",3,"C","A",2,"C",31,"C","B",1,"C",2,"B","A","Good"
"D",9,"E","A",2134,"A","C",3,"D","A",4,"C",48,"C","B",3,"C",1,"B","A","Good"
"A",6,"C","D",2647,"C","C",3,"B","A",3,"A",44,"C","A",1,"C",2,"A","A","Good"
"A",10,"E","A",2241,"A","B",3,"A","A",3,"A",48,"C","A",2,"B",2,"A","B","Good"
"B",12,"E","B",1804,"B","B",3,"C","A",4,"B",44,"C","B",1,"C",1,"A","A","Good"
"D",10,"E","C",2069,"E","C",4,"B","A",1,"C",26,"C","B",2,"C",1,"A","B","Good"
"A",6,"C","C",1374,"A","C",3,"A","A",2,"A",36,"A","B",1,"B",1,"B","A","Good"
"D",6,"A","D",426,"A","E",4,"D","A",4,"C",39,"C","B",1,"B",1,"A","A","Good"
"C",12,"B","D",409,"D","C",2,"C","A",3,"A",42,"C","A",2,"C",1,"A","A","Good"
"B",7,"C","D",2415,"A","C",3,"C","C",2,"A",34,"C","B",1,"C",1,"A","A","Good"
"A",60,"D","I",6836,"A","E",3,"C","A",4,"D",63,"C","B",2,"C",1,"B","A","Bad"
"B",18,"C","I",1913,"D","B",4,"C","A",3,"A",36,"A","B",1,"C",1,"B","A","Good"
"A",24,"C","C",4020,"A","C",3,"B","A",2,"C",27,"B","B",1,"C",1,"A","A","Good"
"B",18,"C","A",5866,"B","C",3,"B","A",2,"C",30,"C","B",2,"C",1,"B","A","Good"
"D",12,"E","I",1264,"E","E",3,"D","A",4,"D",57,"C","A",1,"B",1,"A","A","Good"
"C",12,"C","C",1474,"A","B",2,"D","A",1,"B",33,"A","B",1,"D",1,"B","A","Good"
"B",45,"E","D",4746,"A","B",3,"D","A",2,"B",25,"C","B",2,"B",1,"A","A","Bad"
"D",48,"E","G",6110,"A","C",3,"A","A",3,"D",31,"A","C",1,"C",1,"B","A","Good"
"C",18,"C","D",2100,"A","C",3,"D","B",2,"A",37,"B","B",1,"C",1,"A","A","Bad"
"C",10,"C","E",1225,"A","C",3,"B","A",2,"C",37,"C","B",1,"C",1,"B","A","Good"
"B",9,"C","D",458,"A","C",3,"D","A",3,"A",24,"C","B",1,"C",1,"A","A","Good"
"D",30,"C","D",2333,"C","E",3,"D","A",2,"C",30,"A","B",1,"D",1,"A","A","Good"
"B",12,"C","D",1158,"C","C",1,"C","A",1,"C",26,"C","B",1,"C",1,"B","A","Good"
"B",18,"D","F",6204,"A","C",3,"B","A",4,"A",44,"C","B",1,"B",2,"B","A","Good"
"A",30,"E","B",6187,"B","D",4,"A","A",4,"C",24,"C","A",2,"C",1,"A","A","Good"
"A",48,"E","B",6143,"A","E",2,"D","A",4,"D",58,"B","C",2,"B",1,"A","A","Bad"
"D",11,"E","A",1393,"A","B",2,"D","A",4,"C",35,"C","B",2,"D",1,"A","A","Good"
"D",36,"C","D",2299,"C","E",3,"D","A",4,"C",39,"C","B",1,"C",1,"A","A","Good"
"A",6,"C","B",1352,"C","A",2,"A","A",2,"B",23,"C","A",1,"A",1,"B","A","Good"
"D",11,"E","A",7228,"A","C",3,"A","A",4,"B",39,"C","B",2,"B",1,"A","A","Good"
"D",12,"C","D",2073,"B","C",2,"D","B",2,"A",28,"C","B",1,"C",1,"A","A","Good"
"B",24,"D","C",2333,"E","B",3,"D","A",2,"B",29,"A","B",1,"B",1,"A","A","Good"
"B",27,"D","B",5965,"A","E",3,"A","A",2,"C",30,"C","B",2,"D",1,"B","A","Good"
"D",12,"C","D",1262,"A","C",3,"C","A",2,"C",25,"C","B",1,"C",1,"A","A","Good"
"D",18,"C","B",3378,"E","C",3,"B","A",1,"B",31,"C","B",1,"C",1,"B","A","Good"
"B",36,"D","A",2225,"A","E",3,"D","A",4,"D",57,"A","C",2,"C",1,"B","A","Bad"
"D",6,"B","A",783,"E","C",3,"A","C",2,"A",26,"B","B",1,"B",2,"A","A","Good"
"B",12,"C","D",6468,"E","A",3,"B","A",1,"D",52,"C","B",1,"D",1,"B","A","Bad"
"D",36,"E","D",9566,"A","C",2,"B","A",2,"C",31,"B","B",2,"C",1,"A","A","Good"
"C",18,"C","A",1961,"A","E",2,"C","A",2,"C",23,"C","B",1,"D",1,"A","A","Good"
"A",36,"E","C",6229,"A","B",2,"D","B",4,"D",23,"C","A",2,"B",1,"B","A","Bad"
"B",9,"C","I",1391,"A","C",4,"B","A",1,"A",27,"A","B",1,"C",1,"B","A","Good"
"B",15,"E","D",1537,"E","E",3,"D","C",4,"A",50,"C","B",2,"C",1,"B","A","Good"
"B",36,"A","I",1953,"A","E",3,"D","A",4,"D",61,"C","C",1,"D",1,"B","A","Bad"
"B",48,"A","I",14421,"A","C",3,"B","A",2,"C",25,"C","B",1,"C",1,"B","A","Bad"
"D",24,"C","D",3181,"A","B",2,"D","A",4,"B",26,"C","B",1,"C",1,"B","A","Good"
"D",27,"C","F",5190,"E","E",3,"D","A",4,"B",48,"C","B",4,"C",2,"B","A","Good"
"D",12,"C","D",2171,"A","B",2,"B","A",2,"C",29,"A","B",1,"C",1,"A","A","Good"
"B",12,"C","A",1007,"D","C",4,"D","A",1,"A",22,"C","B",1,"C",1,"A","A","Good"
"D",36,"C","G",1819,"A","C",3,"D","A",4,"D",37,"B","C",1,"C",1,"B","A","Bad"
"D",36,"C","D",2394,"E","C",2,"D","A",4,"C",25,"C","B",1,"C",1,"A","A","Good"
"D",36,"C","B",8133,"A","C",2,"A","A",2,"B",30,"A","B",1,"C",1,"A","A","Good"
"D",7,"E","D",730,"E","E",3,"D","A",2,"B",46,"C","A",2,"B",1,"B","A","Good"
"A",8,"E","J",1164,"A","E",3,"C","A",4,"D",51,"A","C",2,"D",2,"B","A","Good"
"B",42,"E","I",5954,"A","D",2,"B","A",1,"A",41,"A","B",2,"B",1,"A","A","Good"
"A",36,"C","G",1977,"E","E",3,"D","A",4,"D",40,"C","B",1,"D",1,"B","A","Bad"
"A",12,"E","B",1526,"A","E",3,"D","A",4,"D",66,"C","C",2,"D",1,"A","A","Good"
"A",42,"C","D",3965,"A","B",3,"D","A",3,"C",34,"C","B",1,"C",1,"A","A","Bad"
"B",11,"D","D",4771,"A","D",3,"B","A",4,"B",51,"C","B",1,"C",1,"A","A","Good"
"D",54,"A","B",9436,"E","C",3,"B","A",2,"B",39,"C","B",1,"B",2,"A","A","Good"
"B",30,"C","C",3832,"A","B",4,"B","A",1,"B",22,"C","B",1,"C",1,"A","A","Good"
"D",24,"C","D",5943,"E","B",2,"A","A",1,"C",44,"C","B",2,"C",1,"B","A","Bad"
"D",15,"C","D",1213,"C","E",3,"D","A",3,"B",47,"B","B",1,"C",1,"B","A","Good"
"D",18,"C","I",1568,"B","C",2,"C","A",4,"B",24,"C","A",1,"B",1,"A","A","Good"
"A",24,"C","J",1755,"A","E",2,"D","C",4,"A",58,"C","B",1,"B",1,"B","A","Good"
"A",10,"C","D",2315,"A","E",3,"C","A",4,"A",52,"C","B",1,"B",1,"A","A","Good"
"D",12,"E","I",1412,"A","C",2,"D","C",2,"A",29,"C","B",2,"D",1,"B","A","Good"
"B",18,"E","C",1295,"A","B",2,"D","A",1,"B",27,"C","B",2,"C",1,"A","A","Good"
"B",36,"C","G",12612,"B","C",3,"A","A",4,"D",47,"C","C",1,"C",2,"B","A","Bad"
"A",18,"C","A",2249,"B","D",3,"D","A",3,"C",30,"C","B",1,"D",2,"B","A","Good"
"A",12,"A","F",1108,"A","D",3,"D","A",3,"A",28,"C","B",2,"C",1,"A","A","Bad"
"D",12,"E","D",618,"A","E",3,"D","A",4,"A",56,"C","B",1,"C",1,"A","A","Good"
"A",12,"E","B",1409,"A","E",3,"D","A",3,"A",54,"C","B",1,"C",1,"A","A","Good"
"D",12,"E","D",797,"E","E",2,"D","A",3,"B",33,"A","B",1,"B",2,"A","A","Bad"
"C",24,"E","C",3617,"E","E",3,"D","B",4,"D",20,"C","A",2,"C",1,"A","A","Good"
"B",12,"C","A",1318,"D","E",3,"D","A",4,"A",54,"C","B",1,"C",1,"B","A","Good"
"B",54,"A","I",15945,"A","B",3,"C","A",4,"D",58,"C","A",1,"C",1,"B","A","Bad"
"D",12,"E","G",2012,"E","D",2,"D","A",2,"C",61,"C","B",1,"C",1,"A","A","Good"
"B",18,"C","I",2622,"B","C",3,"D","A",4,"C",34,"C","B",1,"C",1,"A","A","Good"
"B",36,"E","D",2337,"A","E",3,"D","A",4,"A",36,"C","B",1,"C",1,"A","A","Good"
"B",20,"D","B",7057,"E","D",3,"C","A",4,"B",36,"A","A",2,"D",2,"B","A","Good"
"D",24,"C","A",1469,"B","E",4,"D","A",4,"A",41,"C","A",1,"B",1,"A","A","Good"
"B",36,"C","D",2323,"A","D",3,"D","A",4,"C",24,"C","A",1,"C",1,"A","A","Good"
"D",6,"D","D",932,"A","C",2,"C","A",2,"A",24,"C","B",1,"C",1,"A","A","Good"
"B",9,"E","C",1919,"A","D",3,"D","A",3,"C",35,"C","A",1,"C",1,"B","A","Good"
"D",12,"C","B",2445,"E","B",4,"B","A",4,"C",26,"C","A",1,"C",1,"B","A","Good"
"B",24,"E","J",11938,"A","C",3,"B","B",3,"C",39,"C","B",2,"D",2,"B","A","Bad"
"D",18,"B","A",6458,"A","E",3,"B","A",4,"D",39,"A","B",2,"D",2,"B","A","Bad"
"B",12,"C","A",6078,"A","D",3,"B","A",2,"C",32,"C","B",1,"C",1,"A","A","Good"
"A",24,"C","C",7721,"E","B",2,"A","A",2,"B",30,"C","B",1,"C",1,"B","B","Good"
"B",14,"C","I",1410,"C","E",4,"A","A",2,"A",35,"C","B",1,"C",1,"B","A","Good"
"B",6,"D","I",1449,"B","E",1,"A","A",2,"C",31,"A","B",2,"C",2,"A","A","Good"
"C",15,"C","G",392,"A","B",2,"D","A",4,"B",23,"C","A",1,"C",1,"B","A","Good"
"B",18,"C","A",6260,"A","D",3,"C","A",3,"A",28,"C","A",1,"B",1,"A","A","Good"
"D",36,"E","A",7855,"A","C",2,"D","A",2,"A",25,"B","B",2,"C",1,"B","A","Bad"
"A",12,"C","D",1680,"C","E",4,"C","A",1,"A",35,"C","B",1,"C",1,"A","A","Good"
"D",48,"E","D",3578,"E","E",3,"D","A",1,"A",47,"C","B",1,"C",1,"B","A","Good"
"A",42,"C","D",7174,"E","D",2,"D","A",3,"C",30,"C","B",1,"D",1,"B","A","Bad"
"A",10,"E","C",2132,"E","B",2,"B","B",3,"A",27,"C","A",2,"C",1,"A","B","Good"
"A",33,"E","C",4281,"C","C",2,"A","A",4,"C",23,"C","B",2,"C",1,"A","A","Bad"
"B",12,"E","A",2366,"C","D",1,"C","A",3,"C",36,"C","B",1,"D",1,"B","A","Good"
"A",21,"C","D",1835,"A","C",2,"C","A",2,"A",25,"C","B",2,"C",1,"B","A","Bad"
"D",24,"E","B",3868,"A","E",2,"D","A",2,"C",41,"C","A",2,"D",1,"B","A","Good"
"D",12,"C","C",1768,"A","C",3,"C","A",2,"A",24,"C","A",1,"B",1,"A","A","Good"
"C",10,"E","A",781,"A","E",3,"D","A",4,"D",63,"C","C",2,"C",1,"B","A","Good"
"B",18,"C","C",1924,"E","B",2,"D","A",3,"A",27,"C","A",1,"C",1,"A","A","Bad"
"A",12,"E","A",2121,"A","C",3,"D","A",2,"B",30,"C","B",2,"C",1,"A","A","Good"
"A",12,"C","D",701,"A","C",4,"D","A",2,"A",40,"C","B",1,"B",1,"A","A","Good"
"B",12,"C","F",639,"A","C",3,"D","A",2,"C",30,"C","B",1,"C",1,"A","A","Bad"
"B",12,"E","B",1860,"A","A",3,"D","A",2,"C",34,"C","B",2,"D",1,"B","A","Good"
"A",12,"E","A",3499,"A","C",2,"C","B",2,"A",29,"C","B",2,"C",1,"A","A","Bad"
"B",48,"C","A",8487,"E","D",2,"A","A",2,"C",24,"C","B",1,"C",1,"A","A","Good"
"A",36,"D","G",6887,"A","C",3,"D","A",3,"B",29,"B","B",1,"C",1,"B","A","Bad"
"D",15,"C","C",2708,"A","B",3,"B","A",3,"B",27,"A","B",2,"B",1,"A","A","Good"
"D",18,"C","C",1984,"A","C",3,"D","A",4,"D",47,"A","C",2,"C",1,"A","A","Good"
"D",60,"C","D",10144,"B","D",2,"B","A",4,"A",21,"C","B",1,"C",1,"B","A","Good"
"D",12,"E","D",1240,"E","E",2,"D","A",2,"A",38,"C","B",2,"C",1,"B","A","Good"
"D",27,"D","B",8613,"D","C",3,"B","A",2,"C",27,"C","B",2,"C",1,"A","A","Good"
"B",12,"C","D",766,"C","C",3,"D","A",3,"A",66,"C","B",1,"B",1,"A","A","Bad"
"B",15,"E","D",2728,"E","D",3,"D","C",2,"A",35,"A","B",3,"C",1,"B","A","Good"
"C",12,"C","D",1881,"A","C",2,"B","A",2,"C",44,"C","A",1,"B",1,"B","A","Good"
"C",6,"C","A",709,"D","B",4,"B","A",2,"A",27,"C","B",1,"A",1,"A","B","Good"
"B",36,"C","D",4795,"A","B",2,"D","A",1,"D",30,"C","B",1,"D",1,"B","A","Good"
"A",27,"C","D",3416,"A","C",3,"C","A",2,"C",27,"C","B",1,"D",1,"A","A","Good"
"A",18,"C","C",2462,"A","C",3,"B","A",2,"C",22,"C","B",1,"C",1,"A","A","Bad"
"D",21,"E","C",2288,"A","B",2,"D","A",4,"B",23,"C","B",1,"C",1,"B","A","Good"
"B",48,"B","I",3566,"B","D",3,"D","A",2,"C",30,"C","B",1,"C",1,"A","A","Good"
"A",6,"E","A",860,"A","E",2,"A","A",4,"D",39,"C","B",2,"C",1,"B","A","Good"
"D",12,"E","A",682,"B","D",2,"D","A",3,"C",51,"C","B",2,"C",1,"B","A","Good"
"A",36,"E","C",5371,"A","C",3,"C","C",2,"B",28,"C","B",2,"C",1,"A","A","Good"
"D",18,"E","D",1582,"D","E",3,"D","A",4,"C",46,"C","B",2,"C",1,"A","A","Good"
"D",6,"C","D",1346,"B","E",3,"B","A",4,"D",42,"A","C",1,"C",2,"B","A","Good"
"D",10,"C","D",1924,"A","C",3,"A","A",4,"B",38,"C","B",1,"C",1,"B","B","Good"
"C",36,"C","D",5848,"A","C",3,"D","A",1,"C",24,"C","B",1,"C",1,"A","A","Good"
"B",24,"E","B",7758,"D","E",2,"B","A",4,"D",29,"C","A",1,"C",1,"A","A","Good"
"B",24,"D","I",6967,"B","D",3,"D","A",4,"C",36,"C","A",1,"D",1,"B","A","Good"
"A",12,"C","C",1282,"A","C",2,"B","A",4,"C",20,"C","A",1,"C",1,"A","A","Bad"
"A",9,"E","F",1288,"B","E",3,"C","C",4,"A",48,"C","B",2,"C",2,"A","B","Good"
"A",12,"B","H",339,"A","E",4,"D","A",1,"C",45,"A","B",1,"B",1,"A","A","Good"
"B",24,"C","A",3512,"B","D",3,"B","A",3,"C",38,"A","B",2,"C",1,"B","A","Good"
"D",6,"E","D",1898,"E","C",3,"A","A",2,"A",34,"C","B",2,"B",2,"A","A","Good"
"D",24,"E","D",2872,"B","E",3,"C","A",4,"A",36,"C","B",1,"C",2,"B","A","Good"
"D",18,"E","A",1055,"A","B",2,"D","A",1,"B",30,"C","B",2,"C",1,"A","A","Good"
"D",15,"C","E",1262,"C","D",3,"D","A",3,"B",36,"C","B",2,"C",1,"B","A","Good"
"B",10,"C","A",7308,"A","A",3,"B","A",4,"D",70,"A","C",1,"D",1,"B","A","Good"
"D",36,"C","A",909,"C","E",3,"D","A",4,"B",36,"C","B",1,"C",1,"A","A","Good"
"D",6,"C","C",2978,"C","C",3,"A","A",2,"C",32,"C","B",1,"C",1,"B","A","Good"
"A",18,"C","C",1131,"A","A",2,"D","A",2,"C",33,"C","B",1,"C",1,"A","A","Bad"
"B",11,"C","C",1577,"D","B",2,"D","A",1,"A",20,"C","B",1,"C",1,"A","A","Good"
"D",24,"C","C",3972,"A","D",2,"B","A",4,"B",25,"C","A",1,"C",1,"B","A","Good"
"B",24,"E","I",1935,"A","E",1,"D","A",4,"A",31,"C","B",2,"C",1,"B","A","Bad"
"A",15,"A","A",950,"A","E",3,"D","A",3,"C",33,"C","A",2,"C",2,"A","A","Bad"
"D",12,"C","C",763,"A","C",2,"D","A",1,"A",26,"C","B",1,"C",1,"B","A","Good"
"B",24,"D","C",2064,"A","A",2,"C","A",2,"B",34,"C","B",1,"D",1,"B","A","Bad"
"B",8,"C","D",1414,"A","C",3,"D","C",2,"A",33,"C","B",1,"C",1,"A","B","Good"
"A",21,"D","G",3414,"A","B",3,"B","A",1,"B",26,"C","B",2,"C",1,"A","A","Bad"
"D",30,"B","B",7485,"E","A",2,"D","A",1,"A",53,"A","B",1,"D",1,"B","A","Bad"
"A",12,"C","C",2577,"A","C",1,"B","A",1,"C",42,"C","B",1,"C",1,"A","A","Good"
"A",6,"E","D",338,"C","E",3,"D","A",4,"C",52,"C","B",2,"C",1,"A","A","Good"
"D",12,"C","D",1963,"A","D",3,"D","A",2,"C",31,"C","A",2,"D",2,"B","A","Good"
"A",21,"E","A",571,"A","E",3,"D","A",4,"A",65,"C","B",2,"C",1,"A","A","Good"
"D",36,"D","I",9572,"A","B",1,"A","A",1,"C",28,"C","B",2,"C",1,"A","A","Bad"
"B",36,"D","I",4455,"A","C",1,"B","A",2,"A",30,"B","B",2,"D",1,"B","A","Bad"
"A",21,"B","A",1647,"E","C",3,"D","A",2,"B",40,"C","B",2,"B",2,"A","A","Bad"
"D",24,"E","C",3777,"D","C",3,"D","A",4,"A",50,"C","B",1,"C",1,"B","A","Good"
"B",18,"E","A",884,"A","E",3,"D","A",4,"C",36,"A","B",1,"C",2,"B","A","Bad"
"D",15,"E","D",1360,"A","C",3,"D","A",2,"B",31,"C","B",2,"C",1,"A","A","Good"
"B",9,"B","B",5129,"A","E",2,"B","A",4,"D",74,"A","C",1,"D",2,"B","A","Bad"
"B",16,"E","A",1175,"A","A",3,"B","A",3,"C",68,"C","C",3,"A",1,"B","A","Good"
"A",12,"C","D",674,"B","D",4,"D","A",1,"B",20,"C","B",1,"C",1,"A","A","Bad"
"B",18,"A","C",3244,"A","C",2,"A","A",4,"C",33,"A","B",2,"C",1,"B","A","Good"
"D",24,"C","I",4591,"D","C",3,"B","A",3,"B",54,"C","B",3,"D",1,"B","A","Bad"
"B",48,"A","I",3844,"B","D",3,"D","A",4,"D",34,"C","C",1,"B",2,"A","A","Bad"
"B",27,"C","I",3915,"A","C",3,"D","A",2,"C",36,"C","B",1,"C",2,"B","A","Bad"
"D",6,"C","D",2108,"A","D",4,"B","A",2,"A",29,"C","A",1,"C",1,"A","A","Good"
"B",45,"C","D",3031,"B","C",3,"D","C",4,"B",21,"C","A",1,"C",1,"A","A","Bad"
"B",9,"E","G",1501,"A","E",2,"B","A",3,"C",34,"C","B",2,"D",1,"B","A","Bad"
"D",6,"E","D",1382,"A","C",2,"A","A",1,"C",28,"C","B",2,"C",1,"B","A","Good"
"B",12,"C","C",951,"B","B",2,"D","A",4,"C",27,"A","A",4,"C",1,"A","A","Bad"
"B",24,"C","B",2760,"E","E",3,"D","A",4,"D",36,"A","C",1,"C",1,"B","A","Good"
"B",18,"D","C",4297,"A","E",1,"D","A",3,"D",40,"C","B",1,"D",1,"B","A","Bad"
"D",9,"E","G",936,"C","E",3,"D","A",2,"C",52,"C","B",2,"C",1,"B","A","Good"
"A",12,"C","A",1168,"A","C",4,"D","A",3,"A",27,"C","B",1,"B",1,"A","A","Good"
"D",27,"D","I",5117,"A","D",3,"C","A",4,"C",26,"C","B",2,"C",1,"A","A","Good"
"A",12,"C","H",902,"A","D",4,"D","A",4,"B",21,"C","A",1,"C",1,"A","A","Bad"
"D",12,"E","A",1495,"A","E",3,"D","A",1,"A",38,"C","B",2,"B",2,"A","A","Good"
"A",30,"E","B",10623,"A","E",3,"C","A",4,"D",38,"C","C",3,"D",2,"B","A","Good"
"D",12,"E","C",1935,"A","E",3,"D","A",4,"A",43,"C","B",3,"C",1,"B","A","Good"
"B",12,"E","E",1424,"A","D",3,"D","A",3,"B",26,"C","B",1,"C",1,"A","A","Good"
"A",24,"C","I",6568,"A","C",4,"B","A",2,"C",21,"B","B",1,"B",1,"A","A","Good"
"D",12,"C","B",1413,"D","D",3,"C","A",2,"B",55,"C","B",1,"C",1,"A","B","Good"
"D",9,"E","D",3074,"E","C",3,"A","A",2,"A",33,"C","B",2,"C",2,"A","A","Good"
"D",36,"C","D",3835,"E","E",2,"B","A",4,"A",45,"C","B",1,"B",1,"B","A","Good"
"A",27,"A","I",5293,"A","A",3,"B","A",4,"B",50,"B","B",2,"C",1,"B","A","Bad"
"C",30,"D","I",1908,"A","E",3,"D","A",4,"A",66,"C","B",1,"D",1,"B","A","Bad"
"D",36,"E","D",3342,"E","E",3,"D","A",2,"C",51,"C","B",1,"C",1,"B","A","Good"
"B",6,"E","H",932,"E","D",2,"A","A",3,"B",39,"C","B",2,"B",1,"A","A","Good"
"A",18,"A","I",3104,"A","D",3,"C","A",1,"B",31,"A","B",1,"C",1,"B","A","Good"
"C",36,"C","D",3913,"A","C",3,"B","A",2,"A",23,"C","B",1,"C",1,"B","A","Good"
"A",24,"C","C",3021,"A","C",1,"B","A",2,"A",24,"C","A",1,"B",1,"A","A","Good"
"D",10,"C","A",1364,"A","C",2,"B","A",4,"C",64,"C","B",1,"C",1,"B","A","Good"
"B",12,"C","D",625,"A","B",4,"D","C",1,"A",26,"A","B",1,"B",1,"A","A","Good"
"A",12,"C","G",1200,"E","C",2,"D","A",4,"B",23,"A","A",1,"C",1,"B","A","Good"
"D",12,"C","D",707,"A","C",3,"D","A",2,"A",30,"A","B",2,"C",1,"A","A","Good"
"D",24,"D","I",2978,"E","C",3,"D","A",4,"A",32,"C","B",2,"C",2,"B","A","Good"
"D",15,"C","B",4657,"A","C",3,"C","A",2,"C",30,"C","B",1,"C",1,"B","A","Good"
"D",36,"A","F",2613,"A","C",3,"D","A",2,"C",27,"C","B",2,"C",1,"A","A","Good"
"B",48,"C","D",10961,"D","D",3,"A","B",2,"D",27,"A","B",2,"C",1,"B","A","Bad"
"A",12,"C","C",7865,"A","E",3,"D","A",4,"D",53,"C","C",1,"D",1,"B","A","Bad"
"D",9,"C","D",1478,"A","D",3,"D","A",2,"C",22,"C","B",1,"C",1,"A","A","Bad"
"A",24,"C","C",3149,"A","B",3,"D","A",1,"D",22,"A","C",1,"C",1,"A","A","Good"
"C",36,"C","D",4210,"A","C",3,"D","A",2,"C",26,"C","B",1,"C",1,"A","A","Bad"
"D",9,"C","A",2507,"C","E",3,"B","A",4,"D",51,"C","C",1,"B",1,"A","A","Good"
"D",12,"C","D",2141,"B","D",3,"C","A",1,"D",35,"C","B",1,"C",1,"A","A","Good"
"B",18,"C","D",866,"A","C",4,"D","C",2,"A",25,"C","B",1,"B",1,"A","A","Good"
"D",4,"E","D",1544,"A","D",3,"B","A",1,"A",42,"C","B",3,"B",2,"A","A","Good"
"A",24,"C","D",1823,"A","A",3,"D","A",2,"C",30,"B","B",1,"D",2,"A","A","Bad"
"B",6,"C","A",14555,"E","A",3,"A","A",2,"B",23,"C","B",1,"A",1,"B","A","Bad"
"B",21,"C","I",2767,"B","E",1,"D","A",2,"C",61,"A","A",2,"B",1,"A","A","Bad"
"D",12,"E","D",1291,"A","C",2,"D","A",2,"B",35,"C","B",2,"C",1,"A","A","Good"
"A",30,"C","D",2522,"A","E",3,"A","C",3,"B",39,"C","B",1,"C",2,"A","A","Good"
"A",24,"C","A",915,"E","E",2,"D","A",2,"C",29,"A","B",1,"C",1,"A","A","Bad"
"D",6,"C","D",1595,"A","D",3,"C","A",2,"B",51,"C","B",1,"C",2,"A","A","Good"
"A",48,"A","B",4605,"A","E",3,"C","A",4,"D",24,"C","C",2,"C",2,"A","A","Bad"
"D",12,"E","I",1185,"A","C",2,"C","A",2,"A",27,"C","B",2,"C",1,"A","A","Good"
"D",12,"B","H",3447,"C","C",2,"D","A",3,"A",35,"C","B",1,"B",2,"A","A","Good"
"D",24,"C","I",1258,"A","D",3,"D","A",1,"A",25,"C","B",1,"C",1,"B","A","Good"
"D",12,"E","D",717,"A","E",3,"D","A",4,"A",52,"C","B",3,"C",1,"A","A","Good"
"D",6,"A","A",1204,"B","C",3,"D","A",1,"D",35,"A","A",1,"C",1,"A","B","Good"
"C",24,"C","C",1925,"A","C",3,"B","A",2,"A",26,"C","B",1,"C",1,"A","A","Good"
"D",18,"C","D",433,"A","A",2,"C","B",4,"A",22,"C","A",1,"C",1,"A","A","Bad"
"A",6,"E","A",666,"D","D",2,"C","A",4,"A",39,"C","B",2,"B",1,"B","A","Good"
"C",12,"C","C",2251,"A","C",2,"A","A",2,"C",46,"C","B",1,"B",1,"A","A","Good"
"B",30,"C","A",2150,"A","C",2,"D","C",2,"D",24,"A","B",1,"C",1,"A","A","Bad"
"D",24,"D","C",4151,"B","C",3,"B","A",3,"B",35,"C","B",2,"C",1,"A","A","Good"
"B",9,"C","C",2030,"E","D",3,"B","A",1,"C",24,"C","B",1,"C",1,"B","A","Good"
"B",60,"D","D",7418,"E","C",3,"A","A",1,"A",27,"C","B",1,"B",1,"A","A","Good"
"D",24,"E","D",2684,"A","C",3,"D","A",2,"A",35,"C","B",2,"B",1,"A","A","Good"
"A",12,"B","D",2149,"A","C",1,"D","A",1,"D",29,"C","C",1,"C",1,"A","A","Bad"
"D",15,"C","B",3812,"B","B",2,"A","A",4,"C",23,"C","B",1,"C",1,"B","A","Good"
"D",11,"E","D",1154,"B","A",2,"D","A",4,"A",57,"C","B",3,"B",1,"A","A","Good"
"A",12,"C","C",1657,"A","C",3,"B","A",2,"A",27,"C","B",1,"C",1,"A","A","Good"
"A",24,"C","D",1603,"A","E",2,"D","A",4,"C",55,"C","B",1,"C",1,"A","A","Good"
"A",18,"E","A",5302,"A","E",3,"B","A",4,"D",36,"C","C",3,"D",1,"B","A","Good"
"D",12,"E","G",2748,"A","E",2,"B","A",4,"D",57,"A","C",3,"B",1,"A","A","Good"
"D",10,"E","A",1231,"A","E",3,"C","A",4,"A",32,"C","B",2,"B",2,"A","B","Good"
"B",15,"C","D",802,"A","E",3,"D","A",3,"C",37,"C","B",1,"C",2,"A","A","Bad"
"D",36,"E","I",6304,"E","E",3,"D","A",4,"A",36,"C","B",2,"C",1,"A","A","Good"
"D",24,"C","D",1533,"A","B",2,"D","A",3,"C",38,"B","B",1,"C",1,"B","A","Good"
"A",14,"C","A",8978,"A","E",1,"A","A",4,"B",45,"C","B",1,"D",1,"B","B","Bad"
"D",24,"C","D",999,"E","E",3,"D","A",2,"C",25,"C","B",2,"C",1,"A","A","Good"
"D",18,"C","A",2662,"E","D",3,"D","A",3,"B",32,"C","B",1,"C",1,"A","B","Good"
"D",12,"E","C",1402,"C","D",2,"C","A",4,"C",37,"C","A",1,"C",1,"B","A","Good"
"B",48,"B","A",12169,"E","A",3,"D","B",4,"D",36,"C","C",1,"D",1,"B","A","Good"
"B",48,"C","D",3060,"A","D",3,"D","A",4,"A",28,"C","B",2,"C",1,"A","A","Bad"
"A",30,"C","F",11998,"A","B",1,"A","A",1,"D",34,"C","B",1,"B",1,"B","A","Bad"
"D",9,"C","D",2697,"A","C",3,"A","A",2,"A",32,"C","B",1,"C",2,"A","A","Good"
"D",18,"E","D",2404,"A","C",2,"B","A",2,"C",26,"C","B",2,"C",1,"A","A","Good"
"A",12,"C","C",1262,"E","E",1,"B","A",4,"B",49,"C","B",1,"B",1,"B","A","Good"
"D",6,"C","C",4611,"A","B",2,"A","A",4,"B",32,"C","B",1,"C",1,"A","A","Bad"
"D",24,"C","D",1901,"B","C",3,"D","A",4,"C",29,"C","A",1,"D",1,"B","A","Good"
"D",15,"E","B",3368,"D","E",3,"C","A",4,"D",23,"C","A",2,"C",1,"B","A","Good"
"D",12,"C","C",1574,"A","C",3,"D","A",2,"A",50,"C","B",1,"C",1,"A","A","Good"
"C",18,"B","D",1445,"E","D",3,"D","A",4,"C",49,"A","B",1,"B",1,"A","A","Good"
"D",15,"E","C",1520,"E","E",3,"D","A",4,"B",63,"C","B",1,"C",1,"A","A","Good"
"B",24,"E","A",3878,"B","B",1,"D","A",2,"C",37,"C","B",1,"C",1,"B","A","Good"
"A",47,"C","A",10722,"A","B",2,"A","A",1,"A",35,"C","B",1,"B",1,"B","A","Good"
"A",48,"C","B",4788,"A","D",3,"D","A",3,"B",26,"C","B",1,"C",2,"A","A","Good"
"B",48,"D","J",7582,"B","A",3,"B","A",4,"D",31,"C","C",1,"D",1,"B","A","Good"
"B",12,"C","D",1092,"A","C",2,"D","C",4,"A",49,"C","B",2,"C",1,"B","A","Good"
"A",24,"D","D",1024,"A","B",4,"D","A",4,"A",48,"B","B",1,"C",1,"A","A","Bad"
"D",12,"C","I",1076,"A","C",4,"B","A",2,"A",26,"C","B",1,"C",1,"B","B","Good"
"B",36,"C","B",9398,"A","B",4,"A","A",4,"C",28,"C","A",1,"D",1,"B","A","Bad"
"A",24,"E","B",6419,"A","E",2,"B","A",4,"D",44,"C","C",2,"D",2,"B","A","Good"
"C",42,"E","B",4796,"A","E",3,"D","A",4,"D",56,"C","C",1,"C",1,"A","A","Good"
"D",48,"E","I",7629,"E","E",1,"D","A",2,"C",46,"A","B",2,"D",2,"A","A","Good"
"B",48,"C","C",9960,"A","B",2,"A","A",2,"C",26,"C","B",1,"C",1,"B","A","Bad"
"D",12,"C","B",4675,"E","B",2,"A","A",4,"C",20,"C","A",1,"C",1,"A","A","Good"
"D",10,"C","A",1287,"E","E",3,"D","B",2,"B",45,"C","B",1,"B",1,"A","B","Good"
"D",18,"C","C",2515,"A","C",3,"C","A",4,"A",43,"C","B",1,"C",1,"B","A","Good"
"B",21,"E","C",2745,"D","D",3,"C","A",2,"C",32,"C","B",2,"C",1,"B","A","Good"
"D",6,"C","A",672,"A","A",2,"A","A",4,"A",54,"C","B",1,"A",1,"B","A","Good"
"B",36,"A","D",3804,"A","C",2,"D","A",1,"C",42,"C","B",1,"C",1,"B","A","Bad"
"C",24,"E","A",1344,"E","D",3,"D","A",2,"A",37,"A","B",2,"B",2,"A","A","Bad"
"A",10,"E","A",1038,"A","D",3,"D","B",3,"B",49,"C","B",2,"C",1,"B","A","Good"
"D",48,"E","A",10127,"C","C",3,"B","A",2,"D",44,"A","C",1,"C",1,"A","A","Bad"
"D",6,"C","C",1543,"D","C",1,"D","A",2,"A",33,"C","B",1,"C",1,"A","A","Good"
"D",30,"C","B",4811,"E","D",2,"B","A",4,"B",24,"B","A",1,"B",1,"A","A","Good"
"A",12,"C","D",727,"B","B",4,"D","A",3,"D",33,"C","B",1,"B",1,"B","A","Bad"
"B",8,"C","C",1237,"A","C",2,"C","A",4,"A",24,"C","B",1,"C",1,"A","A","Bad"
"B",9,"C","A",276,"A","C",4,"D","A",4,"A",22,"C","A",1,"B",1,"A","A","Good"
"B",48,"C","J",5381,"E","A",3,"C","A",4,"D",40,"A","C",1,"A",1,"B","A","Good"
"D",24,"C","C",5511,"B","C",3,"D","A",1,"C",25,"B","B",1,"C",1,"A","A","Good"
"C",24,"C","C",3749,"A","B",2,"B","A",4,"C",26,"C","B",1,"C",1,"A","A","Good"
"B",12,"C","A",685,"A","D",4,"B","A",3,"C",25,"A","B",1,"B",1,"A","A","Bad"
"C",4,"C","A",1494,"E","B",3,"A","A",2,"A",29,"C","B",1,"B",2,"A","B","Good"
"A",36,"B","C",2746,"A","E",3,"D","A",4,"C",31,"A","B",1,"C",1,"A","A","Bad"
"A",12,"C","C",708,"A","C",3,"B","C",3,"B",38,"C","B",1,"B",2,"A","A","Good"
"B",24,"C","C",4351,"E","C",2,"A","A",4,"B",48,"C","B",1,"B",1,"B","A","Good"
"D",12,"E","G",701,"A","C",3,"D","A",2,"C",32,"C","B",2,"C",1,"A","A","Good"
"A",15,"D","C",3643,"A","E",2,"A","A",4,"B",27,"C","B",2,"B",1,"A","A","Good"
"B",30,"E","A",4249,"A","A",4,"D","A",2,"C",28,"C","B",2,"D",1,"A","A","Bad"
"A",24,"C","D",1938,"A","B",1,"D","A",3,"B",32,"C","B",1,"C",1,"A","A","Bad"
"A",24,"C","B",2910,"A","D",3,"B","A",1,"D",34,"C","C",1,"D",1,"B","A","Good"
"A",18,"C","C",2659,"D","C",3,"D","A",2,"C",28,"C","B",1,"C",1,"A","A","Good"
"D",18,"E","A",1028,"A","C",2,"D","A",3,"A",36,"C","B",2,"C",1,"A","A","Good"
"A",8,"E","A",3398,"A","D",3,"A","A",4,"A",39,"C","B",2,"B",1,"A","B","Good"
"D",12,"E","C",5801,"E","E",3,"B","A",4,"B",49,"C","A",1,"C",1,"B","A","Good"
"D",24,"C","A",1525,"D","D",2,"D","A",3,"C",34,"C","B",1,"C",2,"B","A","Good"
"C",36,"C","D",4473,"A","E",3,"D","A",2,"C",31,"C","B",1,"C",1,"A","A","Good"
"B",6,"C","D",1068,"A","E",3,"D","A",4,"C",28,"C","B",1,"C",2,"A","A","Good"
"A",24,"E","B",6615,"A","A",3,"B","A",4,"D",75,"C","C",2,"D",1,"B","A","Good"
"D",18,"E","G",1864,"B","C",2,"D","A",2,"A",30,"C","B",2,"C",1,"A","A","Bad"
"B",60,"C","A",7408,"B","B",2,"D","A",2,"B",24,"C","B",1,"D",1,"A","A","Bad"
"D",48,"E","B",11590,"B","C",2,"B","A",4,"C",24,"A","A",2,"B",1,"A","A","Bad"
"A",24,"A","C",4110,"A","E",3,"C","A",4,"D",23,"A","A",2,"C",2,"A","A","Bad"
"A",6,"E","C",3384,"A","C",1,"A","A",4,"A",44,"C","A",1,"D",1,"B","A","Bad"
"B",13,"C","D",2101,"A","B",2,"B","C",4,"B",23,"C","B",1,"B",1,"A","A","Good"
"A",15,"C","E",1275,"E","C",2,"D","A",2,"C",24,"C","A",1,"C",1,"A","A","Bad"
"A",24,"C","C",4169,"A","C",3,"D","A",4,"B",28,"C","B",1,"C",1,"A","A","Good"
"B",10,"C","C",1521,"A","C",1,"D","A",2,"C",31,"C","B",1,"B",1,"A","A","Good"
"B",24,"E","G",5743,"A","B",2,"B","A",4,"D",24,"C","C",2,"C",1,"B","A","Good"
"A",21,"C","C",3599,"A","D",2,"A","A",4,"C",26,"C","A",1,"B",1,"A","A","Good"
"B",18,"C","D",3213,"C","B",4,"A","A",3,"A",25,"C","A",1,"C",1,"A","A","Good"
"B",18,"C","I",4439,"A","E",3,"A","B",1,"A",33,"A","B",1,"D",1,"B","A","Good"
"C",10,"C","A",3949,"A","B",3,"A","C",1,"B",37,"C","B",1,"B",2,"A","A","Good"
"D",15,"E","D",1459,"A","C",2,"D","A",2,"C",43,"C","B",1,"B",1,"A","A","Good"
"B",13,"E","D",882,"A","B",3,"D","C",4,"A",23,"C","B",2,"C",1,"A","A","Good"
"B",24,"C","D",3758,"C","A",2,"A","A",4,"D",23,"C","A",1,"A",1,"A","A","Good"
"D",6,"D","I",1743,"B","C",3,"A","A",2,"A",34,"C","B",2,"B",1,"A","A","Good"
"B",9,"E","G",1136,"D","E",3,"D","A",3,"D",32,"C","C",2,"C",2,"A","A","Bad"
"D",9,"C","E",1236,"A","B",2,"A","A",4,"A",23,"C","A",1,"C",1,"B","A","Good"
"B",9,"C","C",959,"A","C",2,"A","A",2,"C",29,"C","B",1,"C",1,"A","B","Bad"
"D",18,"E","B",3229,"E","A",3,"B","A",4,"D",38,"C","B",1,"D",1,"B","A","Good"
"A",12,"A","D",6199,"A","C",3,"D","A",2,"B",28,"C","A",2,"C",1,"B","A","Bad"
"D",10,"C","G",727,"C","E",3,"D","A",4,"D",46,"C","C",1,"C",1,"B","A","Good"
"B",24,"C","A",1246,"A","B",3,"D","A",2,"A",23,"B","B",1,"B",1,"A","A","Bad"
"D",12,"E","D",2331,"E","E",3,"A","B",4,"A",49,"C","B",1,"C",1,"B","A","Good"
"D",36,"D","D",4463,"A","C",3,"D","A",2,"C",26,"C","B",2,"D",1,"B","A","Bad"
"D",12,"C","D",776,"A","C",4,"D","A",2,"A",28,"C","B",1,"C",1,"A","A","Good"
"A",30,"C","C",2406,"A","D",2,"D","A",4,"A",23,"C","A",1,"C",1,"A","A","Bad"
"B",18,"C","G",1239,"E","C",3,"D","A",4,"D",61,"C","C",1,"C",1,"A","A","Good"
"C",12,"C","D",3399,"E","E",3,"B","A",3,"C",37,"C","B",1,"D",1,"A","A","Good"
"C",12,"D","A",2247,"A","C",2,"B","A",2,"C",36,"B","B",2,"C",1,"B","A","Good"
"D",6,"C","C",1766,"A","C",4,"A","A",2,"B",21,"C","A",1,"C",1,"A","A","Good"
"A",18,"C","C",2473,"A","A",3,"D","A",1,"C",25,"C","B",1,"A",1,"A","A","Bad"
"D",12,"C","I",1542,"A","D",3,"B","A",4,"C",36,"C","B",1,"C",1,"B","A","Good"
"D",18,"E","B",3850,"A","D",3,"C","A",1,"C",27,"C","B",2,"C",1,"A","A","Good"
"A",18,"C","C",3650,"A","B",2,"A","A",4,"C",22,"C","A",1,"C",1,"A","A","Good"
"A",36,"C","C",3446,"A","E",3,"D","A",2,"C",42,"C","B",1,"C",2,"A","A","Bad"
"B",18,"C","C",3001,"A","D",2,"B","A",4,"A",40,"C","A",1,"C",1,"A","A","Good"
"D",36,"C","A",3079,"E","C",3,"D","A",4,"A",36,"C","B",1,"C",1,"A","A","Good"
"D",18,"E","D",6070,"A","E",3,"C","A",4,"C",33,"C","B",2,"C",1,"B","A","Good"
"D",10,"E","C",2146,"A","B",2,"A","A",3,"A",23,"C","A",2,"C",1,"A","A","Good"
"D",60,"E","A",13756,"E","E",3,"B","A",4,"D",63,"A","C",1,"D",1,"B","A","Good"
"B",60,"B","J",14782,"B","E",2,"C","A",4,"D",60,"A","C",2,"D",1,"B","A","Bad"
"A",48,"B","I",7685,"A","D",2,"B","C",4,"C",37,"C","A",1,"C",1,"A","A","Bad"
"D",18,"D","D",2320,"A","A",4,"B","A",3,"A",34,"C","B",2,"C",1,"A","A","Good"
"D",7,"D","D",846,"E","E",3,"C","A",4,"D",36,"C","C",1,"C",1,"A","A","Good"
"B",36,"C","A",14318,"A","E",3,"D","A",2,"D",57,"C","C",1,"D",1,"B","A","Bad"
"D",6,"E","A",362,"B","C",2,"D","A",4,"C",52,"C","B",2,"B",1,"A","A","Good"
"A",20,"C","C",2212,"E","D",3,"D","A",4,"C",39,"C","B",1,"C",1,"B","A","Good"
"B",18,"C","B",12976,"A","A",2,"C","A",4,"D",38,"C","C",1,"D",1,"B","A","Bad"
"D",22,"C","A",1283,"E","D",2,"D","A",4,"B",25,"C","A",1,"C",1,"A","A","Good"
"C",12,"C","A",1330,"A","B",3,"D","A",1,"A",26,"C","B",1,"C",1,"A","A","Good"
"D",30,"D","I",4272,"B","C",3,"B","A",2,"B",26,"C","B",2,"B",1,"A","A","Good"
"D",18,"E","D",2238,"A","C",2,"B","A",1,"C",25,"C","B",2,"C",1,"A","A","Good"
"D",18,"C","D",1126,"E","B",2,"D","A",2,"A",21,"C","A",1,"C",1,"B","A","Good"
"B",18,"E","C",7374,"A","A",3,"D","A",4,"B",40,"B","B",2,"D",1,"B","A","Good"
"B",15,"E","I",2326,"C","C",3,"B","A",4,"C",27,"A","B",1,"C",1,"A","A","Good"
"D",9,"C","I",1449,"A","D",2,"C","A",2,"C",27,"C","B",2,"C",1,"A","A","Good"
"D",18,"C","A",1820,"A","C",4,"B","A",2,"B",30,"C","B",1,"D",1,"B","A","Good"
"B",12,"C","C",983,"D","B",2,"A","A",4,"A",19,"C","A",1,"B",1,"A","A","Good"
"A",36,"C","A",3249,"A","D",3,"B","A",4,"D",39,"A","C",1,"D",2,"B","A","Good"
"A",6,"E","D",1957,"A","D",2,"A","A",4,"C",31,"C","B",1,"C",1,"A","A","Good"
"D",9,"E","C",2406,"A","A",3,"B","A",3,"C",31,"C","B",1,"D",1,"A","A","Good"
"B",39,"D","G",11760,"B","D",3,"B","A",3,"D",32,"C","A",1,"C",1,"B","A","Good"
"A",12,"C","C",2578,"A","A",2,"C","A",4,"D",55,"C","C",1,"D",1,"A","A","Good"
"A",36,"E","C",2348,"A","C",4,"C","A",2,"B",46,"C","B",2,"C",1,"B","A","Good"
"B",12,"C","A",1223,"A","E",1,"A","A",1,"A",46,"C","A",2,"C",1,"A","A","Bad"
"D",24,"E","D",1516,"D","C",2,"D","A",1,"A",43,"C","B",2,"B",1,"A","A","Good"
"D",18,"C","D",1473,"A","B",4,"C","A",4,"A",39,"C","B",1,"C",1,"B","A","Good"
"B",18,"E","I",1887,"E","C",4,"D","A",4,"A",28,"A","B",2,"C",1,"A","A","Good"
"D",24,"D","I",8648,"A","B",3,"B","A",2,"C",27,"A","B",2,"C",1,"B","A","Bad"
"D",14,"D","A",802,"A","C",3,"D","A",2,"C",27,"C","B",2,"B",1,"A","A","Good"
"B",18,"D","A",2899,"E","E",3,"D","A",4,"C",43,"C","B",1,"C",2,"A","A","Good"
"B",24,"C","D",2039,"A","B",4,"A","A",1,"B",22,"C","B",1,"C",1,"B","A","Bad"
"D",24,"E","B",2197,"E","D",3,"D","A",4,"C",43,"C","B",2,"C",2,"B","A","Good"
"A",15,"C","D",1053,"A","B",4,"D","A",2,"A",27,"C","B",1,"C",1,"A","B","Good"
"D",24,"C","D",3235,"C","E",1,"C","A",2,"C",26,"C","B",1,"D",1,"B","A","Good"
"C",12,"E","A",939,"C","D",4,"D","A",2,"A",28,"C","B",3,"C",1,"B","A","Bad"
"B",24,"C","D",1967,"A","E",2,"D","A",4,"C",20,"C","B",1,"C",1,"B","A","Good"
"D",33,"E","B",7253,"A","D",3,"C","A",2,"C",35,"C","B",2,"D",1,"B","A","Good"
"D",12,"E","I",2292,"A","A",3,"D","A",2,"C",42,"B","B",2,"D",1,"B","A","Bad"
"D",10,"C","A",1597,"C","C",3,"C","A",2,"D",40,"C","A",1,"B",2,"A","B","Good"
"A",24,"C","A",1381,"E","C",2,"D","A",2,"B",35,"C","B",1,"C",1,"A","A","Bad"
"D",36,"E","B",5842,"A","E",3,"B","A",2,"B",35,"C","B",2,"C",2,"B","A","Good"
"A",12,"C","A",2579,"A","B",3,"D","A",1,"A",33,"C","B",1,"B",2,"A","A","Bad"
"A",18,"D","G",8471,"E","C",2,"A","A",2,"C",23,"C","A",2,"C",1,"B","A","Good"
"D",21,"C","A",2782,"C","D",2,"A","A",2,"C",31,"A","B",1,"D",1,"A","A","Good"
"B",18,"C","A",1042,"E","C",2,"D","A",2,"B",33,"C","B",1,"C",1,"A","A","Bad"
"D",15,"C","A",3186,"D","D",2,"B","A",3,"C",20,"C","A",1,"C",1,"A","A","Good"
"B",12,"C","B",2028,"E","C",3,"D","A",2,"C",30,"C","B",1,"C",1,"A","A","Good"
"B",12,"E","A",958,"A","D",3,"B","A",3,"A",47,"C","B",2,"B",2,"A","A","Good"
"D",21,"D","C",1591,"B","D",3,"D","A",3,"A",34,"C","B",2,"D",1,"A","A","Good"
"B",12,"C","C",2762,"E","E",2,"A","A",2,"B",25,"A","B",1,"C",1,"B","A","Bad"
"B",18,"C","B",2779,"A","C",4,"A","A",3,"C",21,"C","A",1,"C",1,"B","A","Good"
"D",28,"E","D",2743,"A","E",3,"D","A",2,"C",29,"C","B",2,"C",1,"A","A","Good"
"D",18,"E","D",1149,"D","C",3,"D","A",3,"A",46,"C","B",2,"C",1,"A","A","Good"
"D",9,"C","C",1313,"A","E",3,"A","A",4,"C",20,"C","B",1,"C",1,"A","A","Good"
"A",18,"E","F",1190,"A","A",2,"B","A",4,"D",55,"C","C",3,"A",2,"A","A","Bad"
"D",5,"C","I",3448,"A","D",3,"A","A",4,"A",74,"C","B",1,"B",1,"A","A","Good"
"B",24,"C","J",11328,"A","C",3,"B","B",3,"C",29,"A","B",2,"D",1,"B","A","Bad"
"A",6,"E","C",1872,"A","A",3,"D","A",4,"D",36,"C","C",3,"D",1,"B","A","Good"
"D",24,"E","F",2058,"A","C",1,"D","A",2,"A",33,"C","B",2,"C",1,"B","A","Good"
"A",9,"C","C",2136,"A","C",3,"C","A",2,"A",25,"C","B",1,"C",1,"A","A","Good"
"B",12,"C","D",1484,"E","C",4,"B","A",1,"A",25,"C","B",1,"C",1,"B","A","Bad"
"D",6,"C","F",660,"C","D",4,"B","A",4,"A",23,"C","A",1,"B",1,"A","A","Good"
"D",24,"E","A",1287,"D","E",2,"D","A",4,"A",37,"C","B",2,"C",1,"B","A","Good"
"A",42,"E","F",3394,"A","A",3,"D","B",4,"C",65,"C","B",2,"A",1,"A","A","Good"
"C",12,"B","I",609,"A","B",2,"D","A",1,"A",26,"C","B",1,"A",1,"A","A","Bad"
"D",12,"C","A",1884,"A","E",3,"D","A",4,"C",39,"C","B",1,"D",1,"B","A","Good"
"A",12,"C","C",1620,"A","C",2,"B","B",3,"B",30,"C","B",1,"C",1,"A","A","Good"
"B",20,"D","J",2629,"A","C",3,"B","A",3,"C",29,"A","B",2,"C",1,"B","A","Good"
"D",12,"C","G",719,"A","E",3,"D","A",4,"C",41,"A","B",1,"B",2,"A","A","Bad"
"B",48,"E","C",5096,"A","C",2,"B","A",3,"C",30,"C","B",1,"D",1,"B","A","Bad"
"D",9,"E","G",1244,"E","E",2,"D","A",4,"B",41,"C","A",2,"B",1,"A","A","Good"
"A",36,"C","A",1842,"A","B",2,"D","A",4,"C",34,"C","B",1,"C",1,"B","A","Bad"
"B",7,"C","D",2576,"A","C",3,"B","C",2,"A",35,"C","B",1,"C",1,"A","A","Good"
"C",12,"C","C",1424,"E","E",2,"C","A",4,"A",55,"C","B",1,"D",1,"B","A","Good"
"B",15,"D","F",1512,"D","C",4,"C","A",3,"B",61,"B","B",2,"C",1,"A","A","Bad"
"D",36,"E","B",11054,"E","C",3,"D","A",2,"C",30,"C","B",1,"D",1,"B","A","Good"
"D",6,"C","D",518,"A","C",2,"C","A",1,"A",29,"C","B",1,"C",1,"A","A","Good"
"D",12,"A","C",2759,"A","E",3,"B","A",4,"B",34,"C","B",2,"C",1,"A","A","Good"
"D",24,"C","B",2670,"A","E",3,"D","A",4,"C",35,"C","B",1,"D",1,"B","A","Good"
"A",24,"C","A",4817,"A","D",3,"B","B",3,"B",31,"C","B",1,"C",1,"B","A","Bad"
"D",24,"C","B",2679,"A","B",2,"D","A",1,"D",29,"C","B",1,"D",1,"B","A","Good"
"A",11,"E","A",3905,"A","C",3,"B","A",2,"A",36,"C","A",2,"C",2,"A","A","Good"
"A",12,"C","B",3386,"A","E",3,"C","A",4,"D",35,"C","C",1,"C",1,"B","A","Bad"
"A",6,"C","E",343,"A","B",2,"D","A",1,"A",27,"C","B",1,"C",1,"A","A","Good"
"D",18,"C","D",4594,"A","B",3,"C","A",2,"C",32,"C","B",1,"C",1,"B","A","Good"
"A",36,"C","C",3620,"A","C",3,"A","C",2,"B",37,"C","B",1,"C",2,"A","A","Good"
"A",15,"C","A",1721,"A","B",3,"B","A",3,"A",36,"C","B",1,"C",1,"A","A","Good"
"B",12,"C","C",3017,"A","B",2,"C","A",1,"A",34,"C","A",1,"D",1,"A","A","Good"
"B",12,"C","H",754,"E","E",3,"D","A",4,"B",38,"C","B",2,"C",1,"A","A","Good"
"D",18,"C","I",1950,"A","D",3,"D","A",1,"C",34,"B","B",2,"C",1,"B","A","Good"
"A",24,"C","B",2924,"A","C",3,"C","C",4,"D",63,"A","B",1,"C",2,"B","A","Good"
"A",24,"D","D",1659,"A","B",2,"D","A",2,"C",29,"C","A",1,"B",1,"B","A","Bad"
"D",48,"D","D",7238,"E","E",3,"C","A",3,"C",32,"A","B",2,"C",2,"A","A","Good"
"D",33,"D","I",2764,"A","C",2,"B","A",2,"C",26,"C","B",2,"C",1,"B","A","Good"
"D",24,"D","B",4679,"A","D",3,"C","A",3,"C",35,"C","B",2,"B",1,"B","A","Good"
"B",24,"C","D",3092,"B","B",4,"C","A",2,"C",22,"C","A",1,"C",1,"B","A","Bad"
"A",6,"C","G",448,"A","B",2,"D","A",4,"B",23,"C","B",1,"C",1,"A","A","Bad"
"A",9,"C","A",654,"A","C",3,"D","A",3,"C",28,"C","B",1,"B",1,"A","A","Bad"
"D",6,"C","H",1238,"E","A",3,"D","A",4,"B",36,"C","B",1,"D",2,"B","A","Good"
"B",18,"E","D",1245,"A","C",4,"D","A",2,"C",33,"C","B",1,"C",1,"A","A","Bad"
"A",18,"A","C",3114,"A","B",2,"A","A",4,"B",26,"C","A",1,"C",1,"A","A","Bad"
"D",39,"C","B",2569,"C","C",3,"D","A",4,"C",24,"C","B",1,"C",1,"A","A","Good"
"C",24,"C","D",5152,"A","D",3,"D","A",2,"C",25,"A","B",1,"C",1,"A","A","Good"
"B",12,"C","I",1037,"B","D",3,"C","A",4,"A",39,"C","B",1,"B",1,"A","A","Good"
"A",15,"E","C",1478,"A","E",3,"D","A",4,"C",44,"C","B",2,"C",2,"B","A","Good"
"B",12,"E","D",3573,"A","C",2,"A","A",1,"A",23,"C","B",1,"B",1,"A","A","Good"
"B",24,"C","A",1201,"A","B",3,"D","A",1,"B",26,"C","B",1,"C",1,"A","A","Good"
"A",30,"C","C",3622,"D","E",2,"D","A",4,"B",57,"C","A",2,"C",1,"B","A","Good"
"D",15,"D","C",960,"D","D",2,"C","A",2,"B",30,"C","B",2,"C",1,"A","A","Good"
"D",12,"E","A",1163,"C","C",3,"D","A",4,"A",44,"C","B",1,"C",1,"B","A","Good"
"B",6,"D","A",1209,"A","A",3,"D","A",4,"B",47,"C","B",1,"D",1,"B","A","Bad"
"D",12,"C","D",3077,"A","C",3,"B","A",4,"C",52,"C","B",1,"C",1,"B","A","Good"
"D",24,"C","A",3757,"A","E",2,"D","B",4,"D",62,"C","C",1,"C",1,"B","A","Good"
"D",10,"C","A",1418,"B","C",3,"C","A",2,"A",35,"C","A",1,"B",1,"A","B","Good"
"D",6,"C","A",3518,"A","C",3,"B","C",3,"B",26,"C","A",1,"C",1,"A","A","Good"
"D",12,"E","D",1934,"A","E",3,"B","A",2,"D",26,"C","B",2,"C",1,"A","A","Good"
"B",27,"A","I",8318,"A","E",2,"B","A",4,"D",42,"C","C",2,"D",1,"B","A","Bad"
"D",6,"E","D",1237,"B","C",2,"A","A",1,"B",27,"C","B",2,"C",1,"A","A","Good"
"B",6,"C","D",368,"E","E",3,"D","A",4,"B",38,"C","B",1,"C",1,"A","A","Good"
"A",12,"E","A",2122,"A","C",3,"C","A",2,"A",39,"C","A",2,"B",2,"A","B","Good"
"A",24,"C","C",2996,"E","C",4,"B","A",4,"C",20,"C","B",1,"C",1,"A","A","Bad"
"B",36,"C","C",9034,"B","B",3,"D","B",1,"D",29,"C","A",1,"D",1,"B","A","Bad"
"D",24,"E","C",1585,"A","D",3,"D","A",3,"B",40,"C","B",2,"C",1,"A","A","Good"
"B",18,"C","D",1301,"A","E",4,"D","C",2,"A",32,"C","B",1,"B",1,"A","A","Good"
"C",6,"E","A",1323,"B","E",1,"B","A",4,"C",28,"C","B",2,"C",2,"B","A","Good"
"A",24,"C","A",3123,"A","B",2,"D","A",1,"B",27,"C","B",1,"C",1,"A","A","Bad"
"A",36,"C","B",5493,"A","E",3,"B","A",4,"D",42,"C","C",1,"C",2,"A","A","Good"
"C",9,"C","D",1126,"B","E",1,"B","A",4,"A",49,"C","B",1,"C",1,"A","A","Good"
"B",24,"E","D",1216,"B","B",3,"D","A",4,"D",38,"A","B",2,"C",2,"A","A","Bad"
"A",24,"C","A",1207,"A","B",2,"D","A",4,"B",24,"C","A",1,"C",1,"A","A","Bad"
"D",10,"C","A",1309,"E","C",3,"D","C",4,"B",27,"C","B",1,"B",1,"A","A","Bad"
"C",15,"E","B",2360,"C","C",3,"B","A",2,"C",36,"C","B",1,"C",1,"B","A","Good"
"B",15,"B","A",6850,"B","A",3,"A","A",2,"B",34,"C","B",1,"D",2,"B","A","Bad"
"D",24,"C","D",1413,"A","C",4,"D","A",2,"B",28,"C","B",1,"C",1,"A","A","Good"
"D",39,"C","B",8588,"B","E",3,"D","A",2,"C",45,"C","B",1,"D",1,"B","A","Good"
"A",12,"C","A",759,"A","D",3,"D","A",2,"A",26,"C","B",1,"C",1,"A","A","Bad"
"D",36,"C","B",4686,"A","C",3,"B","A",2,"D",32,"C","C",1,"D",1,"B","A","Good"
"C",15,"C","I",2687,"A","D",3,"B","A",4,"B",26,"C","A",1,"C",1,"B","A","Good"
"B",12,"D","D",585,"A","C",4,"D","B",4,"A",20,"C","A",2,"C",1,"A","A","Good"
"D",24,"C","A",2255,"E","B",3,"D","A",1,"B",54,"C","B",1,"C",1,"A","A","Good"
"A",6,"E","A",609,"A","D",2,"D","A",3,"B",37,"C","B",2,"C",1,"A","B","Good"
"A",6,"E","A",1361,"A","B",3,"B","A",4,"A",40,"C","B",1,"B",2,"A","B","Good"
"D",36,"E","C",7127,"A","B",2,"B","A",4,"B",23,"C","A",2,"C",1,"B","A","Bad"
"A",6,"C","A",1203,"B","E",3,"C","A",2,"B",43,"C","B",1,"C",1,"B","A","Good"
"D",6,"E","D",700,"E","E",3,"D","A",4,"D",36,"C","C",2,"C",1,"A","A","Good"
"D",24,"E","F",5507,"A","E",3,"C","A",4,"D",44,"C","C",2,"C",1,"A","A","Good"
"A",18,"C","D",3190,"A","C",2,"B","A",2,"A",24,"C","B",1,"C",1,"A","A","Bad"
"A",48,"A","C",7119,"A","C",3,"C","A",4,"D",53,"C","C",2,"C",2,"A","A","Bad"
"D",24,"C","B",3488,"B","D",2,"C","A",4,"C",23,"C","B",1,"C",1,"A","A","Good"
"B",18,"C","D",1113,"A","C",2,"D","C",4,"A",26,"C","B",1,"B",2,"A","A","Good"
"B",26,"C","B",7966,"A","B",3,"B","A",3,"C",30,"C","B",2,"C",1,"A","A","Good"
"D",15,"E","G",1532,"B","C",2,"D","A",3,"C",31,"C","B",1,"C",1,"A","A","Good"
"D",4,"E","D",1503,"A","D",3,"B","A",1,"A",42,"C","B",2,"B",2,"A","A","Good"
"A",36,"C","D",2302,"A","C",1,"D","A",4,"C",31,"C","A",1,"C",1,"A","A","Bad"
"A",6,"C","A",662,"A","B",3,"C","A",4,"A",41,"C","B",1,"B",2,"B","A","Good"
"B",36,"C","G",2273,"A","D",3,"C","A",1,"C",32,"C","B",2,"C",2,"A","A","Good"
"B",15,"C","A",2631,"B","C",2,"B","A",4,"C",28,"C","A",2,"C",1,"B","A","Bad"
"D",12,"D","B",1503,"A","C",4,"D","A",4,"A",41,"C","A",1,"C",1,"A","A","Good"
"D",24,"C","D",1311,"B","D",4,"D","A",3,"B",26,"C","B",1,"C",1,"B","A","Good"
"D",24,"C","D",3105,"E","B",3,"D","A",2,"C",25,"C","B",2,"C",1,"A","A","Good"
"C",21,"E","G",2319,"A","B",1,"B","A",1,"C",33,"C","A",1,"C",1,"A","A","Bad"
"A",6,"C","A",1374,"E","A",2,"D","A",3,"B",75,"C","B",1,"D",1,"B","A","Good"
"B",18,"E","C",3612,"A","E",2,"C","A",4,"B",37,"C","B",1,"C",1,"B","A","Good"
"A",48,"C","A",7763,"A","E",3,"D","A",4,"D",42,"A","C",1,"D",1,"A","A","Bad"
"C",18,"C","C",3049,"A","B",2,"A","A",1,"B",45,"B","B",1,"B",1,"A","A","Good"
"B",12,"C","D",1534,"A","B",4,"A","A",1,"A",23,"C","A",1,"C",1,"A","A","Bad"
"D",24,"D","A",2032,"A","E",3,"D","A",4,"D",60,"C","C",2,"C",1,"B","A","Good"
"A",30,"C","C",6350,"E","E",3,"D","A",4,"B",31,"C","B",1,"C",1,"A","A","Bad"
"C",18,"C","C",2864,"A","C",3,"B","A",1,"A",34,"C","B",1,"B",2,"A","A","Bad"
"D",12,"E","A",1255,"A","E",3,"D","A",4,"A",61,"C","B",2,"B",1,"A","A","Good"
"A",24,"D","A",1333,"A","A",3,"D","A",2,"A",43,"C","C",2,"C",2,"A","A","Bad"
"D",24,"E","A",2022,"A","C",2,"D","A",4,"C",37,"C","B",1,"C",1,"B","A","Good"
"D",24,"C","D",1552,"A","D",3,"C","A",1,"C",32,"A","B",1,"C",2,"A","A","Good"
"A",12,"B","D",626,"A","C",2,"D","A",4,"A",24,"A","B",1,"B",1,"A","A","Bad"
"D",48,"E","B",8858,"E","D",3,"B","A",1,"D",35,"C","C",2,"C",1,"B","A","Good"
"D",12,"E","F",996,"E","D",2,"D","A",4,"A",23,"C","B",2,"C",1,"A","A","Good"
"D",6,"B","D",1750,"C","E",3,"B","A",4,"B",45,"A","B",1,"B",2,"A","A","Good"
"A",48,"C","D",6999,"A","D",4,"A","C",1,"A",34,"C","B",2,"C",1,"B","A","Bad"
"B",12,"E","A",1995,"B","B",3,"D","A",1,"C",27,"C","B",1,"C",1,"A","A","Good"
"B",9,"C","G",1199,"A","D",2,"D","A",4,"B",67,"C","B",2,"D",1,"B","A","Good"
"B",12,"C","D",1331,"A","B",3,"B","A",1,"C",22,"B","B",1,"C",1,"A","A","Bad"
"B",18,"A","A",2278,"B","B",2,"C","A",3,"C",28,"C","B",2,"C",1,"A","A","Bad"
"D",21,"A","A",5003,"E","C",2,"A","A",4,"B",29,"A","B",2,"C",1,"B","A","Bad"
"A",24,"B","C",3552,"A","D",3,"C","A",4,"C",27,"A","B",1,"C",1,"A","A","Bad"
"B",18,"E","C",1928,"A","B",3,"B","A",2,"A",31,"C","B",2,"B",1,"A","A","Bad"
"A",24,"C","B",2964,"E","E",3,"D","A",4,"D",49,"A","C",1,"C",2,"B","A","Good"
"A",24,"B","D",1546,"A","D",3,"D","C",4,"C",24,"A","A",1,"B",1,"A","A","Bad"
"C",6,"D","D",683,"A","B",2,"B","A",1,"B",29,"A","B",1,"C",1,"A","A","Good"
"B",36,"C","A",12389,"E","C",3,"A","A",4,"D",37,"C","C",1,"C",1,"B","A","Bad"
"B",24,"D","I",4712,"E","C",3,"D","A",2,"B",37,"A","B",2,"D",1,"B","A","Good"
"B",24,"D","D",1553,"B","D",2,"C","A",2,"B",23,"C","A",2,"C",1,"B","A","Good"
"A",12,"C","A",1372,"A","D",1,"B","A",3,"C",36,"C","B",1,"C",1,"A","A","Bad"
"D",24,"E","D",2578,"D","E",3,"B","A",2,"C",34,"C","B",1,"C",1,"A","A","Good"
"B",48,"C","D",3979,"E","D",3,"D","A",1,"C",41,"C","B",2,"C",2,"B","A","Good"
"A",48,"C","D",6758,"A","C",2,"C","A",2,"C",31,"C","B",1,"C",1,"B","A","Bad"
"A",24,"C","C",3234,"A","B",2,"D","A",4,"A",23,"C","A",1,"B",1,"B","A","Bad"
"D",30,"E","D",5954,"A","D",3,"C","B",2,"C",38,"C","B",1,"C",1,"A","A","Good"
"D",24,"C","B",5433,"E","A",2,"B","A",4,"B",26,"C","A",1,"D",1,"B","A","Good"
"A",15,"C","I",806,"A","C",2,"D","A",4,"B",22,"C","B",1,"B",1,"A","A","Good"
"B",9,"C","D",1082,"A","E",3,"D","A",4,"C",27,"C","B",2,"B",1,"A","A","Good"
"D",15,"E","C",2788,"A","D",2,"B","B",3,"C",24,"A","B",2,"C",1,"A","A","Good"
"B",12,"C","D",2930,"A","D",2,"B","A",1,"A",27,"C","B",1,"C",1,"A","A","Good"
"D",24,"E","G",1927,"E","C",2,"C","A",2,"C",33,"C","B",2,"C",1,"B","A","Good"
"B",36,"E","A",2820,"A","B",1,"D","A",4,"C",27,"C","B",2,"C",1,"A","A","Bad"
"D",24,"C","H",937,"A","B",4,"D","A",3,"C",27,"C","B",2,"B",1,"A","A","Good"
"B",18,"E","A",1056,"A","E",3,"C","C",3,"A",30,"A","B",2,"C",1,"A","A","Bad"
"B",12,"E","A",3124,"A","B",3,"A","A",3,"A",49,"A","B",2,"B",2,"A","A","Good"
"D",9,"C","C",1388,"A","C",2,"D","A",2,"A",26,"C","A",1,"C",1,"A","A","Good"
"B",36,"C","F",2384,"A","B",3,"D","A",1,"D",33,"C","A",1,"B",1,"A","A","Bad"
"D",12,"C","A",2133,"E","E",2,"D","A",4,"D",52,"C","C",1,"D",1,"B","A","Good"
"A",18,"C","C",2039,"A","C",2,"A","A",4,"A",20,"A","A",1,"C",1,"A","A","Bad"
"A",9,"E","A",2799,"A","C",3,"B","A",2,"A",36,"C","A",2,"C",2,"A","A","Good"
"A",12,"C","C",1289,"A","C",3,"D","C",1,"B",21,"C","B",1,"B",1,"A","A","Good"
"A",18,"C","E",1217,"A","C",4,"D","A",3,"A",47,"C","B",1,"B",1,"B","A","Bad"
"A",12,"E","C",2246,"A","E",3,"C","A",3,"B",60,"C","B",2,"C",1,"A","A","Bad"
"A",12,"E","D",385,"A","D",2,"D","A",3,"A",58,"C","B",4,"B",1,"B","A","Good"
"B",24,"D","A",1965,"E","C",2,"D","A",4,"C",42,"C","A",2,"C",1,"B","A","Good"
"D",21,"C","I",1572,"D","E",2,"D","A",4,"A",36,"A","B",1,"B",1,"A","A","Good"
"B",24,"C","A",2718,"A","C",2,"C","A",4,"B",20,"C","A",1,"B",1,"B","A","Bad"
"A",24,"B","J",1358,"E","E",3,"D","A",3,"C",40,"B","B",1,"D",1,"B","A","Bad"
"B",6,"B","A",931,"B","B",2,"A","A",1,"B",32,"B","B",1,"B",1,"A","A","Bad"
"A",24,"C","A",1442,"A","D",2,"D","A",4,"C",23,"C","A",2,"C",1,"A","A","Bad"
"B",24,"A","I",4241,"A","C",3,"A","A",4,"A",36,"C","B",3,"B",1,"B","A","Bad"
"D",18,"E","A",2775,"A","D",3,"B","A",2,"B",31,"A","B",2,"C",1,"A","A","Bad"
"D",24,"D","I",3863,"A","C",3,"A","A",2,"D",32,"C","C",1,"C",1,"A","A","Good"
"B",7,"C","D",2329,"A","B",2,"A","C",1,"A",45,"C","B",1,"C",1,"A","A","Good"
"B",9,"C","C",918,"A","C",2,"D","A",1,"B",30,"C","B",1,"C",1,"A","A","Bad"
"B",24,"B","G",1837,"A","D",2,"D","A",4,"D",34,"A","C",1,"B",1,"A","A","Bad"
"D",36,"C","C",3349,"A","C",2,"D","A",2,"C",28,"C","B",1,"D",1,"B","A","Bad"
"C",10,"C","C",1275,"A","B",2,"D","A",2,"B",23,"C","B",1,"C",1,"A","A","Good"
"A",24,"B","C",2828,"C","C",3,"D","A",4,"A",22,"B","B",1,"C",1,"B","A","Good"
"D",24,"E","I",4526,"A","C",3,"C","A",2,"A",74,"C","B",1,"D",1,"B","A","Good"
"B",36,"C","D",2671,"B","C",2,"D","B",4,"D",50,"C","C",1,"C",1,"A","A","Bad"
"D",18,"C","D",2051,"A","B",3,"D","A",1,"A",33,"C","B",1,"C",1,"A","A","Good"
"D",15,"C","B",1300,"E","E",3,"D","A",4,"D",45,"A","C",1,"C",2,"A","A","Good"
"A",12,"C","E",741,"B","A",2,"D","A",3,"B",22,"C","B",1,"C",1,"A","A","Bad"
"C",10,"C","A",1240,"B","E",2,"A","A",4,"D",48,"C","C",1,"B",2,"A","A","Bad"
"A",21,"C","D",3357,"D","B",2,"D","A",2,"C",29,"A","B",1,"C",1,"A","A","Good"
"A",24,"B","B",3632,"A","C",2,"A","C",4,"C",22,"A","A",1,"C",1,"A","B","Good"
"D",18,"D","C",1808,"A","D",2,"D","A",1,"A",22,"C","B",1,"C",1,"A","A","Bad"
"B",48,"A","I",12204,"E","C",3,"B","A",2,"C",48,"A","B",1,"D",1,"B","A","Good"
"B",60,"D","D",9157,"E","C",3,"B","A",2,"D",27,"C","C",1,"D",1,"A","A","Good"
"A",6,"E","A",3676,"A","C",3,"A","A",3,"A",37,"C","A",3,"C",2,"A","A","Good"
"B",30,"C","C",3441,"B","C",2,"B","B",4,"C",21,"C","A",1,"C",1,"A","A","Bad"
"D",12,"C","A",640,"A","C",1,"D","A",2,"A",49,"C","B",1,"B",1,"A","A","Good"
"B",21,"E","I",3652,"A","D",3,"B","A",3,"B",27,"C","B",2,"C",1,"A","A","Good"
"D",18,"E","A",1530,"A","C",3,"C","A",2,"B",32,"A","B",2,"C",1,"A","A","Bad"
"D",48,"C","I",3914,"E","C",1,"D","A",2,"A",38,"A","B",1,"C",1,"A","A","Bad"
"A",12,"C","C",1858,"A","B",2,"D","A",1,"C",22,"C","A",1,"C",1,"A","A","Good"
"A",18,"C","D",2600,"A","C",3,"D","A",4,"D",65,"C","C",2,"C",1,"A","A","Bad"
"D",15,"C","D",1979,"E","E",3,"D","A",2,"C",35,"C","B",1,"C",1,"A","A","Good"
"C",6,"C","C",2116,"A","C",3,"B","A",2,"A",41,"C","B",1,"C",1,"B","A","Good"
"B",9,"B","A",1437,"B","D",3,"B","A",3,"D",29,"C","B",1,"C",1,"A","A","Bad"
"D",42,"E","C",4042,"C","C",3,"D","A",4,"A",36,"C","B",2,"C",1,"B","A","Good"
"D",9,"C","G",3832,"E","E",3,"A","A",4,"A",64,"C","B",1,"B",1,"A","A","Good"
"A",24,"C","D",3660,"A","C",2,"B","A",4,"C",28,"C","B",1,"C",1,"A","A","Good"
"A",18,"B","C",1553,"A","C",3,"D","A",3,"C",44,"A","B",1,"C",1,"A","A","Bad"
"B",15,"C","D",1444,"E","B",3,"D","A",1,"B",23,"C","B",1,"C",1,"A","A","Good"
"D",9,"C","C",1980,"A","B",2,"B","B",2,"C",19,"C","A",2,"C",1,"A","A","Bad"
"B",24,"C","A",1355,"A","B",2,"C","A",4,"C",25,"C","B",1,"B",1,"B","A","Bad"
"D",12,"C","G",1393,"A","E",3,"D","A",4,"B",47,"A","B",3,"C",2,"B","A","Good"
"D",24,"C","D",1376,"C","D",2,"D","A",1,"C",28,"C","B",1,"C",1,"A","A","Good"
"D",60,"D","D",15653,"A","D",3,"B","A",4,"C",21,"C","B",2,"C",1,"B","A","Good"
"D",12,"C","D",1493,"A","B",2,"D","A",3,"C",34,"C","B",1,"C",2,"A","A","Good"
"A",42,"D","D",4370,"A","D",3,"C","A",2,"B",26,"A","B",2,"C",2,"B","A","Bad"
"A",18,"C","G",750,"A","A",2,"D","A",1,"A",27,"C","B",1,"A",1,"A","A","Bad"
"B",15,"C","F",1308,"A","E",3,"D","A",4,"C",38,"C","B",2,"B",1,"A","A","Good"
"D",15,"C","G",4623,"B","C",3,"C","A",2,"B",40,"C","B",1,"D",1,"B","A","Bad"
"D",24,"E","D",1851,"A","D",4,"D","C",2,"C",33,"C","B",2,"C",1,"B","A","Good"
"A",18,"E","D",1880,"A","D",4,"D","A",1,"B",32,"C","B",2,"D",1,"B","A","Good"
"D",36,"D","I",7980,"E","B",3,"D","A",4,"C",27,"C","A",2,"C",1,"B","A","Bad"
"A",30,"A","C",4583,"A","C",1,"B","C",2,"A",32,"C","B",2,"C",1,"A","A","Good"
"D",12,"C","A",1386,"C","C",2,"B","A",2,"B",26,"C","B",1,"C",1,"A","A","Bad"
"C",24,"C","A",947,"A","D",3,"D","A",3,"D",38,"A","C",1,"C",2,"A","A","Bad"
"A",12,"C","G",684,"A","C",3,"D","A",4,"C",40,"C","A",1,"B",2,"A","A","Bad"
"A",48,"C","G",7476,"A","D",3,"D","A",1,"D",50,"C","C",1,"D",1,"B","A","Good"
"B",12,"C","C",1922,"A","C",3,"D","A",2,"B",37,"C","B",1,"B",1,"A","A","Bad"
"A",24,"C","A",2303,"A","E",3,"D","B",1,"A",45,"C","B",1,"C",1,"A","A","Bad"
"B",36,"D","A",8086,"B","E",3,"B","A",4,"C",42,"C","B",4,"D",1,"B","A","Bad"
"D",24,"E","B",2346,"A","D",3,"D","A",3,"C",35,"C","B",2,"C",1,"B","A","Good"
"A",14,"C","A",3973,"A","A",3,"A","A",4,"D",22,"C","C",1,"C",1,"A","A","Good"
"B",12,"C","A",888,"A","E",3,"D","A",4,"C",41,"A","B",1,"B",2,"A","A","Bad"
"D",48,"C","D",10222,"E","D",3,"D","A",3,"C",37,"B","B",1,"C",1,"B","A","Good"
"B",30,"A","I",4221,"A","C",2,"B","A",1,"C",28,"C","B",2,"C",1,"A","A","Good"
"B",18,"E","C",6361,"A","E",3,"B","A",1,"D",41,"C","B",1,"C",1,"B","A","Good"
"C",12,"C","D",1297,"A","C",4,"C","A",4,"A",23,"C","A",1,"C",1,"A","A","Good"
"A",12,"C","A",900,"E","C",4,"D","A",2,"C",23,"C","B",1,"C",1,"A","A","Bad"
"D",21,"C","C",2241,"A","E",3,"D","A",2,"A",50,"C","B",2,"C",1,"A","A","Good"
"B",6,"D","C",1050,"A","A",3,"D","A",1,"B",35,"B","B",2,"D",1,"B","A","Good"
"C",6,"E","G",1047,"A","C",2,"B","A",4,"B",50,"C","B",1,"B",1,"A","A","Good"
"D",24,"E","J",6314,"A","A",3,"D","B",2,"D",27,"A","B",2,"D",1,"B","A","Good"
"B",30,"B","C",3496,"D","C",3,"D","A",2,"C",34,"B","B",1,"C",2,"B","A","Good"
"D",48,"B","I",3609,"A","C",2,"A","A",1,"A",27,"B","B",1,"C",1,"A","A","Good"
"A",12,"E","A",4843,"A","E",3,"C","B",4,"B",43,"C","A",2,"C",1,"B","A","Bad"
"C",30,"E","D",3017,"A","E",3,"D","A",4,"B",47,"C","B",1,"C",1,"A","A","Good"
"D",24,"E","I",4139,"B","C",3,"C","A",3,"B",27,"C","B",2,"B",1,"B","A","Good"
"D",36,"C","I",5742,"B","D",3,"B","A",2,"C",31,"C","B",2,"C",1,"B","A","Good"
"D",60,"C","A",10366,"A","E",3,"B","A",4,"B",42,"C","B",1,"D",1,"B","A","Good"
"D",6,"E","A",2080,"C","C",4,"A","A",2,"C",24,"C","B",1,"C",1,"A","A","Good"
"D",21,"D","I",2580,"C","B",3,"D","A",2,"A",41,"A","B",1,"B",2,"A","A","Bad"
"D",30,"E","D",4530,"A","D",2,"D","A",4,"C",26,"C","A",1,"D",1,"B","A","Good"
"D",24,"E","C",5150,"A","E",3,"D","A",4,"C",33,"C","B",1,"C",1,"B","A","Good"
"B",72,"C","D",5595,"B","C",4,"B","A",2,"C",24,"C","B",1,"C",1,"A","A","Bad"
"A",24,"C","D",2384,"A","E",3,"D","A",4,"A",64,"A","A",1,"B",1,"A","A","Good"
"D",18,"C","D",1453,"A","B",2,"C","A",1,"A",26,"C","B",1,"C",1,"A","A","Good"
"D",6,"C","G",1538,"A","B",2,"A","A",2,"D",56,"C","B",1,"C",1,"A","A","Good"
"D",12,"C","D",2279,"E","C",3,"D","A",4,"D",37,"C","C",1,"C",1,"B","A","Good"
"D",15,"D","D",1478,"A","C",4,"D","A",3,"A",33,"A","B",2,"C",1,"A","A","Good"
"D",24,"E","D",5103,"A","B",4,"C","A",3,"D",47,"C","C",3,"C",1,"B","A","Good"
"B",36,"D","I",9857,"B","D",3,"A","A",3,"B",31,"C","B",2,"B",2,"B","A","Good"
"D",60,"C","A",6527,"E","C",3,"D","A",4,"D",34,"C","C",1,"C",2,"B","A","Good"
"C",10,"E","D",1347,"E","D",3,"D","A",2,"B",27,"C","B",2,"C",1,"B","A","Good"
"B",36,"D","A",2862,"B","E",3,"D","A",3,"D",30,"C","C",1,"C",1,"A","A","Good"
"D",9,"C","D",2753,"B","E",3,"C","B",4,"C",35,"C","B",1,"C",1,"B","A","Good"
"A",12,"C","A",3651,"D","C",3,"A","A",3,"B",31,"C","B",1,"C",2,"A","A","Good"
"A",15,"E","C",975,"A","C",1,"B","A",3,"B",25,"C","B",2,"C",1,"A","A","Good"
"B",15,"C","F",2631,"B","C",2,"C","A",2,"A",25,"C","B",1,"B",1,"A","A","Good"
"B",24,"C","D",2896,"B","B",3,"B","A",1,"C",29,"C","B",1,"C",1,"A","A","Good"
"A",6,"E","A",4716,"E","B",3,"A","A",3,"A",44,"C","B",2,"B",2,"A","A","Good"
"D",24,"C","D",2284,"A","D",3,"D","A",2,"C",28,"C","B",1,"C",1,"B","A","Good"
"D",6,"C","B",1236,"C","C",3,"B","A",4,"B",50,"C","A",1,"C",1,"A","A","Good"
"B",12,"C","D",1103,"A","D",3,"D","C",3,"A",29,"C","B",2,"C",1,"A","B","Good"
"D",12,"E","A",926,"A","A",2,"A","A",2,"B",38,"C","B",1,"A",1,"A","A","Good"
"D",18,"E","D",1800,"A","C",3,"D","A",2,"C",24,"C","B",2,"C",1,"A","A","Good"
"C",15,"C","G",1905,"A","E",3,"D","A",4,"C",40,"C","A",1,"D",1,"B","A","Good"
"D",12,"C","C",1123,"C","C",2,"D","A",4,"C",29,"C","A",1,"B",1,"A","A","Bad"
"A",48,"E","B",6331,"A","E",3,"D","A",4,"D",46,"C","C",2,"C",1,"B","A","Bad"
"C",24,"C","D",1377,"B","E",2,"D","A",2,"D",47,"C","C",1,"C",1,"B","A","Good"
"B",30,"D","I",2503,"B","E",3,"D","A",2,"B",41,"B","B",2,"C",1,"A","A","Good"
"B",27,"C","I",2528,"A","B",2,"D","A",1,"B",32,"C","B",1,"C",2,"B","A","Good"
"D",15,"C","A",5324,"C","E",2,"A","A",4,"D",35,"C","C",1,"C",1,"A","A","Good"
"B",48,"C","A",6560,"B","D",3,"C","A",2,"B",24,"C","B",1,"C",1,"A","A","Bad"
"B",12,"A","C",2969,"A","B",2,"D","A",3,"B",25,"C","A",2,"C",1,"A","A","Bad"
"B",9,"C","D",1206,"A","E",2,"D","A",4,"A",25,"C","B",1,"C",1,"A","A","Good"
"B",9,"C","D",2118,"A","C",3,"B","A",2,"A",37,"C","B",1,"B",2,"A","A","Good"
"D",18,"E","D",629,"C","E",3,"D","A",3,"B",32,"A","B",2,"D",1,"B","A","Good"
"A",6,"B","G",1198,"A","E",2,"D","A",4,"D",35,"C","C",1,"C",1,"A","A","Bad"
"D",21,"C","B",2476,"E","E",3,"D","A",4,"A",46,"C","B",1,"D",1,"B","A","Good"
"A",9,"E","D",1138,"A","C",3,"D","A",4,"A",25,"C","B",2,"B",1,"A","A","Good"
"B",60,"C","A",14027,"A","D",3,"D","A",2,"D",27,"C","B",1,"D",1,"B","A","Bad"
"D",30,"E","B",7596,"E","E",3,"A","A",4,"C",63,"C","B",2,"C",1,"A","A","Good"
"D",30,"E","D",3077,"E","E",3,"C","A",2,"C",40,"C","B",2,"C",2,"B","A","Good"
"D",18,"C","D",1505,"A","C",3,"D","A",2,"D",32,"C","C",1,"D",1,"B","A","Good"
"C",24,"E","D",3148,"E","C",3,"C","A",2,"C",31,"C","B",2,"C",1,"B","A","Good"
"B",20,"A","B",6148,"B","E",4,"C","A",4,"C",31,"A","B",2,"C",1,"B","A","Good"
"C",9,"A","D",1337,"A","B",3,"D","A",2,"C",34,"C","B",2,"D",1,"B","A","Bad"
"B",6,"B","G",433,"D","B",2,"D","A",2,"B",24,"A","A",1,"C",2,"A","A","Bad"
"A",12,"C","A",1228,"A","C",2,"D","A",2,"A",24,"C","B",1,"B",1,"A","A","Bad"
"B",9,"C","D",790,"C","C",2,"D","A",3,"A",66,"C","B",1,"B",1,"A","A","Good"
"D",27,"C","A",2570,"A","C",2,"C","A",3,"A",21,"C","A",1,"C",1,"A","A","Bad"
"D",6,"E","A",250,"D","C",2,"B","A",2,"A",41,"A","B",2,"B",1,"A","A","Good"
"D",15,"E","D",1316,"C","C",4,"B","A",2,"B",47,"C","B",2,"B",1,"A","A","Good"
"A",18,"C","D",1882,"A","C",2,"D","A",4,"C",25,"A","A",2,"C",1,"A","A","Bad"
"B",48,"B","I",6416,"A","E",2,"D","A",3,"D",59,"C","A",1,"C",1,"A","A","Bad"
"C",24,"E","I",1275,"D","C",1,"B","A",4,"A",36,"C","B",2,"C",1,"B","A","Good"
"B",24,"D","D",6403,"A","B",3,"A","A",2,"C",33,"C","B",1,"C",1,"A","A","Good"
"A",24,"C","D",1987,"A","C",3,"B","A",4,"A",21,"C","A",1,"B",2,"A","A","Bad"
"B",8,"C","D",760,"A","D",2,"D","C",2,"A",44,"C","B",1,"B",1,"A","A","Good"
"D",24,"C","B",2603,"D","C",2,"B","A",4,"C",28,"C","A",1,"C",1,"B","A","Good"
"D",4,"E","A",3380,"A","D",2,"A","A",1,"A",37,"C","B",1,"C",2,"A","A","Good"
"B",36,"B","E",3990,"E","B",2,"C","A",2,"D",29,"A","B",1,"A",1,"A","A","Good"
"B",24,"C","B",11560,"A","C",2,"A","A",4,"C",23,"C","A",2,"D",1,"A","A","Bad"
"A",18,"C","A",4380,"B","C",3,"C","A",4,"C",35,"C","B",1,"B",2,"B","A","Good"
"D",6,"E","A",6761,"A","D",3,"A","A",3,"D",45,"C","B",2,"D",2,"B","A","Good"
"B",30,"A","I",4280,"B","C",2,"D","A",4,"C",26,"C","A",2,"B",1,"A","A","Bad"
"A",24,"B","A",2325,"B","D",3,"B","A",3,"C",32,"A","B",1,"C",1,"A","A","Good"
"B",10,"B","D",1048,"A","C",3,"D","A",4,"A",23,"B","B",1,"B",1,"A","A","Good"
"D",21,"C","D",3160,"E","E",3,"D","A",3,"B",41,"C","B",1,"C",1,"B","A","Good"
"A",24,"B","C",2483,"C","C",3,"D","A",4,"A",22,"B","B",1,"C",1,"B","A","Good"
"A",39,"E","C",14179,"E","D",3,"D","A",4,"B",30,"C","B",2,"D",1,"B","A","Good"
"A",13,"E","I",1797,"A","B",3,"C","A",1,"B",28,"A","B",2,"B",1,"A","A","Good"
"A",15,"C","A",2511,"A","A",2,"A","A",4,"C",23,"C","A",1,"C",1,"A","A","Good"
"A",12,"C","A",1274,"A","B",2,"C","A",1,"A",37,"C","B",1,"B",1,"A","A","Bad"
"D",21,"C","B",5248,"E","C",3,"A","A",3,"C",26,"C","B",1,"C",1,"A","A","Good"
"D",15,"C","B",3029,"A","D",3,"B","A",2,"C",33,"C","B",1,"C",1,"A","A","Good"
"A",6,"C","C",428,"A","E",2,"B","A",1,"B",49,"A","B",1,"C",1,"B","A","Good"
"A",18,"C","A",976,"A","B",2,"A","A",2,"C",23,"C","B",1,"B",1,"A","A","Bad"
"B",12,"C","I",841,"B","D",2,"B","A",4,"A",23,"C","A",1,"B",1,"A","A","Good"
"D",30,"E","D",5771,"A","D",2,"D","A",2,"C",25,"C","B",2,"C",1,"A","A","Good"
"D",12,"D","F",1555,"D","E",3,"D","A",4,"D",55,"C","C",2,"C",2,"A","A","Bad"
"A",24,"C","A",1285,"E","D",2,"D","A",4,"D",32,"C","A",1,"C",1,"A","A","Bad"
"C",6,"E","A",1299,"A","C",3,"A","A",1,"A",74,"C","B",3,"A",2,"A","B","Good"
"C",15,"E","D",1271,"E","C",3,"C","A",4,"D",39,"C","C",2,"C",1,"B","A","Bad"
"D",24,"C","A",1393,"A","C",3,"B","C",2,"A",31,"C","B",1,"C",1,"B","A","Good"
"A",12,"E","A",691,"A","E",3,"D","A",3,"B",35,"C","B",2,"C",1,"A","A","Bad"
"D",15,"E","A",5045,"E","E",2,"A","A",4,"C",59,"C","B",1,"C",1,"B","A","Good"
"A",18,"E","C",2124,"A","C",2,"D","A",4,"A",24,"C","A",2,"C",1,"A","A","Bad"
"A",12,"C","D",2214,"A","C",3,"D","A",3,"B",24,"C","B",1,"B",1,"A","A","Good"
"D",21,"E","A",12680,"E","E",3,"D","A",4,"D",30,"C","C",1,"D",1,"B","A","Bad"
"D",24,"E","A",2463,"B","D",4,"D","A",3,"B",27,"C","B",2,"C",1,"B","A","Good"
"B",12,"C","D",1155,"A","E",4,"C","C",3,"A",40,"A","B",2,"B",1,"A","A","Good"
"A",30,"C","C",3108,"A","B",1,"B","A",4,"B",31,"C","B",1,"B",1,"A","A","Bad"
"D",10,"C","B",2901,"E","B",2,"A","A",4,"A",31,"C","A",1,"C",1,"A","A","Good"
"B",12,"E","C",3617,"A","E",3,"A","A",4,"C",28,"C","A",3,"C",1,"B","A","Good"
"D",12,"E","D",1655,"A","E",3,"B","A",4,"A",63,"C","B",2,"B",1,"B","A","Good"
"A",24,"C","B",2812,"E","E",2,"B","A",4,"A",26,"C","A",1,"C",1,"A","A","Good"
"A",36,"E","G",8065,"A","C",2,"C","A",2,"D",25,"C","B",2,"D",1,"B","A","Bad"
"D",21,"E","B",3275,"A","E",3,"A","A",4,"C",36,"C","B",1,"D",1,"B","A","Good"
"D",24,"E","D",2223,"B","E",3,"D","A",4,"B",52,"A","B",2,"C",1,"A","A","Good"
"C",12,"E","A",1480,"C","A",3,"B","A",4,"D",66,"A","C",3,"A",1,"A","A","Good"
"A",24,"C","A",1371,"E","C",2,"D","A",4,"A",25,"C","A",1,"C",1,"A","A","Bad"
"D",36,"E","A",3535,"A","D",3,"D","A",4,"C",37,"C","B",2,"C",1,"B","A","Good"
"A",18,"C","D",3509,"A","D",2,"D","C",1,"A",25,"C","B",1,"C",1,"A","A","Good"
"D",36,"E","B",5711,"D","E",3,"D","A",2,"C",38,"C","B",2,"D",1,"B","A","Good"
"B",18,"C","F",3872,"A","A",2,"B","A",4,"C",67,"C","B",1,"C",1,"B","A","Good"
"B",39,"E","D",4933,"A","D",3,"B","C",2,"A",25,"C","B",2,"C",1,"A","A","Bad"
"D",24,"E","A",1940,"D","E",3,"D","A",4,"A",60,"C","B",1,"C",1,"B","A","Good"
"B",12,"A","H",1410,"A","C",3,"B","A",2,"A",31,"C","B",1,"B",1,"B","A","Good"
"B",12,"C","A",836,"B","B",2,"D","A",2,"B",23,"A","B",1,"B",1,"A","A","Bad"
"B",20,"C","B",6468,"E","A",1,"A","A",4,"A",60,"C","B",1,"D",1,"B","A","Good"
"B",18,"C","I",1941,"D","C",3,"D","A",2,"B",35,"C","B",1,"B",1,"B","A","Good"
"D",22,"C","D",2675,"C","E",3,"C","A",4,"C",40,"C","B",1,"C",1,"A","A","Good"
"D",48,"E","B",2751,"E","E",3,"D","A",3,"C",38,"C","B",2,"C",2,"B","A","Good"
"B",48,"D","G",6224,"A","E",3,"D","A",4,"D",50,"C","C",1,"C",1,"A","A","Bad"
"A",40,"E","G",5998,"A","C",3,"D","A",3,"D",27,"A","B",1,"C",1,"B","A","Bad"
"B",21,"C","I",1188,"A","E",2,"B","A",4,"B",39,"C","B",1,"C",2,"A","A","Bad"
"D",24,"C","B",6313,"E","E",3,"C","A",4,"C",41,"C","B",1,"D",2,"B","A","Good"
"D",6,"E","C",1221,"E","C",4,"A","A",2,"B",27,"C","B",2,"C",1,"A","A","Good"
"C",24,"C","C",2892,"A","E",1,"C","A",4,"D",51,"C","C",1,"C",1,"A","A","Good"
"D",24,"C","C",3062,"C","E",3,"D","A",3,"D",32,"C","A",1,"C",1,"B","A","Good"
"D",9,"C","C",2301,"B","B",2,"B","A",4,"B",22,"C","A",1,"C",1,"A","A","Good"
"A",18,"C","B",7511,"E","E",3,"A","A",4,"B",51,"C","C",1,"C",2,"B","A","Bad"
"D",12,"E","C",1258,"A","B",2,"B","A",4,"B",22,"C","A",2,"B",1,"A","A","Good"
"D",24,"D","A",717,"E","E",4,"D","A",4,"C",54,"C","B",2,"C",1,"B","A","Good"
"B",9,"C","A",1549,"E","B",3,"D","A",2,"A",35,"C","B",1,"A",1,"A","A","Good"
"D",24,"E","G",1597,"A","E",3,"D","A",4,"D",54,"C","C",2,"C",2,"A","A","Good"
"B",18,"E","D",1795,"A","E",2,"C","C",4,"A",48,"A","A",2,"B",1,"B","A","Good"
"A",20,"E","C",4272,"A","E",2,"A","A",4,"B",24,"C","B",2,"C",1,"A","A","Good"
"D",12,"E","D",976,"E","E",3,"D","A",4,"C",35,"C","B",2,"C",1,"A","A","Good"
"B",12,"C","A",7472,"E","A",2,"A","A",2,"A",24,"C","A",1,"A",1,"A","A","Good"
"A",36,"C","A",9271,"A","D",3,"B","A",1,"C",24,"C","B",1,"C",1,"B","A","Bad"
"B",6,"C","D",590,"A","B",4,"C","A",3,"A",26,"C","B",1,"B",1,"A","B","Good"
"D",12,"E","D",930,"E","E",3,"D","A",4,"A",65,"C","B",4,"C",1,"A","A","Good"
"B",42,"B","B",9283,"A","A",3,"A","A",2,"D",55,"A","C",1,"D",1,"B","A","Good"
"B",15,"A","A",1778,"A","B",2,"B","A",1,"A",26,"C","A",2,"A",1,"A","A","Bad"
"B",8,"C","I",907,"A","B",4,"C","A",2,"A",26,"C","B",1,"C",1,"B","A","Good"
"B",6,"C","D",484,"A","D",4,"C","C",3,"A",28,"A","B",1,"B",1,"A","A","Good"
"A",36,"E","B",9629,"A","D",3,"D","A",4,"C",24,"C","B",2,"C",1,"B","A","Bad"
"A",48,"C","E",3051,"A","C",3,"C","A",4,"C",54,"C","B",1,"C",1,"A","A","Bad"
"A",48,"C","A",3931,"A","D",3,"D","A",4,"D",46,"C","C",1,"C",2,"A","A","Bad"
"B",36,"D","A",7432,"A","C",2,"B","A",2,"B",54,"C","A",1,"C",1,"A","A","Good"
"D",6,"C","E",1338,"C","C",1,"A","A",4,"A",62,"C","B",1,"C",1,"A","A","Good"
"D",6,"E","D",1554,"A","D",2,"A","A",2,"C",24,"C","A",2,"C",1,"B","A","Good"
"A",36,"C","J",15857,"A","A",1,"B","B",3,"C",43,"C","B",1,"D",1,"A","A","Good"
"A",18,"C","D",1345,"A","C",4,"D","A",3,"A",26,"A","B",1,"C",1,"A","A","Bad"
"D",12,"C","A",1101,"A","C",4,"C","A",2,"A",27,"C","B",2,"C",1,"B","A","Good"
"C",12,"C","D",3016,"A","C",4,"C","A",1,"C",24,"C","B",1,"C",1,"A","A","Good"
"A",36,"C","C",2712,"A","E",3,"B","A",2,"B",41,"A","B",1,"C",2,"A","A","Bad"
"A",8,"E","A",731,"A","E",3,"D","A",4,"A",47,"C","B",2,"B",1,"A","A","Good"
"D",18,"E","C",3780,"A","B",1,"C","A",2,"C",35,"C","B",2,"D",1,"B","A","Good"
"A",21,"E","A",1602,"A","E",4,"D","A",3,"C",30,"C","B",2,"C",1,"B","A","Good"
"A",18,"E","A",3966,"A","E",2,"A","A",4,"A",33,"A","A",3,"C",1,"B","A","Bad"
"D",18,"A","I",4165,"A","C",3,"B","A",2,"C",36,"B","B",2,"C",2,"A","A","Bad"
"A",36,"C","B",8335,"E","E",3,"C","A",4,"D",47,"C","C",1,"C",1,"A","A","Bad"
"B",48,"D","I",6681,"E","C",3,"D","A",4,"D",38,"C","C",1,"C",2,"B","A","Good"
"D",24,"D","I",2375,"C","C",3,"D","A",2,"C",44,"C","B",2,"C",2,"B","A","Good"
"A",18,"C","A",1216,"A","B",2,"D","A",3,"C",23,"C","A",1,"C",1,"B","A","Bad"
"A",45,"A","I",11816,"A","E",3,"B","A",4,"C",29,"C","A",2,"C",1,"A","A","Bad"
"B",24,"C","D",5084,"E","E",2,"B","A",4,"C",42,"C","B",1,"C",1,"B","A","Good"
"C",15,"C","D",2327,"A","B",2,"B","A",3,"A",25,"C","B",1,"B",1,"A","A","Bad"
"A",12,"A","A",1082,"A","C",3,"D","A",4,"C",48,"A","B",2,"C",1,"A","A","Bad"
"D",12,"C","D",886,"E","C",2,"D","A",2,"C",21,"C","B",1,"C",1,"A","A","Good"
"D",4,"C","C",601,"A","B",2,"A","A",3,"A",23,"C","A",1,"B",2,"A","A","Good"
"A",24,"E","B",2957,"A","E",3,"D","A",4,"B",63,"C","B",2,"C",1,"B","A","Good"
"D",24,"E","D",2611,"A","E",4,"D","B",3,"A",46,"C","B",2,"C",1,"A","A","Good"
"A",36,"C","C",5179,"A","D",3,"D","A",2,"B",29,"C","B",1,"C",1,"A","A","Bad"
"D",21,"D","B",2993,"A","C",3,"C","A",2,"A",28,"B","B",2,"B",1,"A","A","Good"
"D",18,"C","F",1943,"A","B",2,"D","A",4,"A",23,"C","B",1,"C",1,"A","A","Bad"
"D",24,"B","I",1559,"A","D",3,"D","A",4,"C",50,"A","B",1,"C",1,"B","A","Good"
"D",18,"C","C",3422,"A","E",3,"D","A",4,"B",47,"A","B",3,"C",2,"B","A","Good"
"B",21,"C","C",3976,"E","D",3,"B","A",3,"C",35,"C","B",1,"C",1,"B","A","Good"
"D",18,"C","A",6761,"E","C",3,"B","A",4,"C",68,"C","A",2,"C",1,"A","A","Bad"
"D",24,"C","A",1249,"A","B",4,"D","A",2,"A",28,"C","B",1,"C",1,"A","A","Good"
"A",9,"C","D",1364,"A","D",3,"C","A",4,"A",59,"C","B",1,"C",1,"A","A","Good"
"A",12,"C","D",709,"A","E",3,"D","A",4,"A",57,"B","B",1,"B",1,"A","A","Bad"
"A",20,"E","A",2235,"A","C",4,"D","C",2,"B",33,"A","A",2,"C",1,"A","B","Bad"
"D",24,"E","B",4042,"E","D",3,"C","A",4,"B",43,"C","B",2,"C",1,"B","A","Good"
"D",15,"E","D",1471,"A","C",3,"D","A",4,"D",35,"C","C",2,"C",1,"B","A","Good"
"A",18,"B","A",1442,"A","D",3,"D","A",4,"D",32,"C","C",2,"B",2,"A","A","Bad"
"D",36,"D","A",10875,"A","E",3,"B","A",2,"C",45,"C","B",2,"C",2,"B","A","Good"
"D",24,"C","A",1474,"B","B",4,"D","A",3,"A",33,"C","B",1,"C",1,"B","A","Good"
"D",10,"C","H",894,"E","D",2,"D","A",3,"B",40,"C","B",1,"C",1,"B","A","Good"
"D",15,"E","C",3343,"A","C",3,"D","A",2,"D",28,"C","C",1,"C",1,"B","A","Good"
"A",15,"C","A",3959,"A","C",2,"C","A",2,"B",29,"C","B",1,"C",1,"B","A","Bad"
"D",9,"C","A",3577,"B","C",3,"A","C",2,"A",26,"C","A",1,"C",2,"A","B","Good"
"D",24,"E","B",5804,"D","C",3,"D","A",2,"A",27,"C","B",2,"C",1,"A","A","Good"
"D",18,"D","I",2169,"A","C",4,"D","A",2,"C",28,"C","B",1,"C",1,"B","A","Bad"
"A",24,"C","D",2439,"A","B",2,"D","A",4,"A",35,"C","B",1,"C",1,"B","A","Bad"
"D",27,"E","C",4526,"D","B",3,"D","A",2,"A",32,"B","B",2,"B",2,"B","A","Good"
"D",10,"C","C",2210,"A","C",3,"B","A",2,"A",25,"A","A",1,"B",1,"A","A","Bad"
"D",15,"C","C",2221,"C","C",2,"B","A",4,"C",20,"C","A",1,"C",1,"A","A","Good"
"A",18,"C","D",2389,"A","B",2,"D","A",1,"C",27,"B","B",1,"C",1,"A","A","Good"
"D",12,"E","C",3331,"A","E",3,"B","A",4,"B",42,"B","B",1,"C",1,"A","A","Good"
"D",36,"C","I",7409,"E","E",3,"C","A",2,"B",37,"C","B",2,"C",1,"A","A","Good"
"A",12,"C","C",652,"A","E",2,"D","A",4,"B",24,"C","A",1,"C",1,"A","A","Good"
"D",36,"D","C",7678,"C","D",2,"B","A",4,"C",40,"C","B",2,"C",1,"B","A","Good"
"C",6,"E","A",1343,"A","E",3,"A","A",4,"A",46,"C","B",2,"C",2,"A","B","Good"
"A",24,"E","I",1382,"B","D",3,"D","A",1,"A",26,"C","B",2,"C",1,"B","A","Good"
"D",15,"C","E",874,"E","B",2,"D","A",1,"A",24,"C","B",1,"C",1,"A","A","Good"
"A",12,"C","C",3590,"A","C",3,"B","B",2,"B",29,"C","B",1,"B",2,"A","A","Good"
"B",11,"E","A",1322,"D","C",2,"D","A",4,"C",40,"C","B",2,"C",1,"A","A","Good"
"A",18,"B","D",1940,"A","B",3,"C","B",4,"D",36,"A","C",1,"D",1,"B","A","Good"
"D",36,"C","D",3595,"A","E",3,"D","A",2,"C",28,"C","B",1,"C",1,"A","A","Good"
"A",9,"C","A",1422,"A","B",3,"C","A",2,"D",27,"C","C",1,"D",1,"B","A","Bad"
"D",30,"E","D",6742,"E","D",3,"B","A",3,"B",36,"C","B",2,"C",1,"A","A","Good"
"D",24,"C","B",7814,"A","D",3,"C","A",3,"C",38,"C","B",1,"D",1,"B","A","Good"
"D",24,"C","B",9277,"E","C",1,"B","A",4,"D",48,"C","C",1,"C",1,"B","A","Good"
"B",30,"E","A",2181,"E","E",3,"D","A",4,"A",36,"C","B",2,"C",1,"A","A","Good"
"D",18,"E","D",1098,"A","A",2,"D","A",4,"C",65,"C","B",2,"A",1,"A","A","Good"
"B",24,"C","C",4057,"A","D",1,"C","A",3,"C",43,"C","B",1,"C",1,"B","A","Bad"
"A",12,"C","G",795,"A","B",2,"D","A",4,"B",53,"C","B",1,"C",1,"A","A","Bad"
"B",24,"E","I",2825,"E","D",3,"D","A",3,"D",34,"C","B",2,"C",2,"B","A","Good"
"B",48,"C","I",15672,"A","C",3,"B","A",2,"C",23,"C","B",1,"C",1,"B","A","Bad"
"D",36,"E","A",6614,"A","E",3,"D","A",4,"C",34,"C","B",2,"D",1,"B","A","Good"
"D",28,"B","B",7824,"E","B",3,"C","C",4,"A",40,"A","A",2,"C",2,"B","A","Good"
"A",27,"E","I",2442,"A","E",3,"D","A",4,"C",43,"B","B",4,"D",2,"B","A","Good"
"D",15,"E","D",1829,"A","E",3,"D","A",4,"C",46,"C","B",2,"C",1,"B","A","Good"
"A",12,"E","A",2171,"A","C",3,"D","A",4,"B",38,"A","B",2,"B",1,"A","B","Good"
"B",36,"E","B",5800,"A","C",3,"C","A",4,"C",34,"C","B",2,"C",1,"B","A","Good"
"D",18,"E","D",1169,"E","C",3,"D","A",3,"B",29,"C","B",2,"C",1,"B","A","Good"
"D",36,"D","B",8947,"E","D",3,"C","A",2,"C",31,"B","B",1,"D",2,"B","A","Good"
"A",21,"C","D",2606,"A","B",2,"D","A",4,"B",28,"C","A",1,"D",1,"B","A","Good"
"D",12,"E","C",1592,"D","D",2,"C","A",2,"B",35,"C","B",1,"C",1,"A","B","Good"
"D",15,"C","C",2186,"E","D",2,"A","A",4,"A",33,"A","A",1,"B",1,"A","A","Good"
"A",18,"C","C",4153,"A","C",3,"B","B",3,"C",42,"C","B",1,"C",1,"A","A","Bad"
"A",16,"E","A",2625,"A","E",3,"B","C",4,"B",43,"A","A",1,"C",1,"B","A","Bad"
"D",20,"E","A",3485,"E","B",1,"B","A",4,"A",44,"C","B",2,"C",1,"B","A","Good"
"D",36,"E","B",10477,"E","E",3,"B","A",4,"D",42,"C","C",2,"C",1,"A","A","Good"
"D",15,"C","D",1386,"E","C",4,"D","A",2,"A",40,"C","A",1,"C",1,"B","A","Good"
"D",24,"C","D",1278,"A","E",3,"D","A",1,"A",36,"C","B",1,"D",1,"B","A","Good"
"A",12,"C","D",1107,"A","C",3,"B","A",2,"A",20,"C","A",1,"D",2,"B","A","Good"
"A",21,"C","A",3763,"E","D",3,"B","B",2,"A",24,"C","B",1,"B",1,"A","B","Good"
"B",36,"C","G",3711,"E","C",4,"B","A",2,"C",27,"C","B",1,"C",1,"A","A","Good"
"D",15,"D","B",3594,"A","B",2,"A","A",2,"B",46,"C","B",2,"B",1,"A","A","Good"
"B",9,"C","A",3195,"E","C",2,"A","A",2,"A",33,"C","B",1,"B",1,"A","A","Good"
"D",36,"D","D",4454,"A","C",2,"D","A",4,"A",34,"C","B",2,"C",1,"A","A","Good"
"B",24,"E","C",4736,"A","B",2,"B","A",4,"C",25,"A","B",1,"B",1,"A","A","Bad"
"B",30,"C","D",2991,"E","E",2,"B","A",4,"C",25,"C","B",1,"C",1,"A","A","Good"
"D",11,"C","I",2142,"D","E",1,"A","A",2,"A",28,"C","B",1,"C",1,"B","A","Good"
"A",24,"B","I",3161,"A","C",3,"D","A",2,"B",31,"C","A",1,"C",1,"B","A","Bad"
"B",48,"A","J",18424,"A","C",2,"A","A",2,"B",32,"A","B",1,"D",1,"B","B","Bad"
"D",10,"C","B",2848,"B","C",3,"A","B",2,"A",32,"C","B",1,"C",2,"A","A","Good"
"A",6,"C","A",14896,"A","E",3,"A","A",4,"D",68,"A","B",1,"D",1,"B","A","Bad"
"A",24,"C","C",2359,"B","A",1,"A","A",1,"B",33,"C","B",1,"C",1,"A","A","Bad"
"A",24,"C","C",3345,"A","E",3,"D","A",2,"B",39,"C","A",1,"D",1,"B","A","Bad"
"D",18,"E","C",1817,"A","C",2,"D","A",2,"D",28,"C","B",2,"C",1,"A","A","Good"
"D",48,"D","D",12749,"C","D",3,"D","A",1,"C",37,"C","B",1,"D",1,"B","A","Good"
"A",9,"C","D",1366,"A","B",2,"C","A",4,"B",22,"C","A",1,"C",1,"A","A","Bad"
"B",12,"C","A",2002,"A","D",3,"C","A",4,"B",30,"C","A",1,"C",2,"B","A","Good"
"A",24,"B","C",6872,"A","B",1,"B","A",1,"B",55,"A","B",1,"C",1,"B","A","Bad"
"A",12,"B","A",697,"A","B",3,"D","A",2,"C",46,"A","B",2,"C",1,"B","A","Bad"
"A",18,"E","C",1049,"A","B",2,"D","A",4,"B",21,"C","A",1,"C",1,"A","A","Good"
"A",48,"C","B",10297,"A","D",3,"D","A",4,"D",39,"B","C",3,"C",2,"B","A","Bad"
"D",30,"C","D",1867,"E","E",3,"D","A",4,"C",58,"C","B",1,"C",1,"B","A","Good"
"A",12,"D","A",1344,"A","C",3,"D","A",2,"A",43,"C","B",2,"B",2,"A","A","Good"
"A",24,"C","C",1747,"A","B",3,"D","B",1,"B",24,"C","B",1,"B",1,"A","B","Good"
"B",9,"C","D",1670,"A","B",2,"D","A",2,"C",22,"C","B",1,"C",1,"B","A","Bad"
"D",9,"E","A",1224,"A","C",3,"C","A",1,"A",30,"C","B",2,"C",1,"A","A","Good"
"D",12,"E","D",522,"C","E",3,"D","A",4,"B",42,"C","B",2,"C",2,"B","A","Good"
"A",12,"C","D",1498,"A","C",2,"D","A",1,"C",23,"A","B",1,"C",1,"A","A","Good"
"B",30,"D","D",1919,"B","B",3,"D","A",3,"D",30,"B","B",2,"D",1,"A","A","Bad"
"C",9,"C","D",745,"A","C",2,"C","A",2,"A",28,"C","B",1,"B",1,"A","A","Bad"
"B",6,"C","D",2063,"A","B",4,"D","A",3,"C",30,"C","A",1,"D",1,"B","A","Good"
"B",60,"C","G",6288,"A","C",3,"D","A",4,"D",42,"C","C",1,"C",1,"A","A","Bad"
"D",24,"E","B",6842,"E","C",3,"B","A",4,"B",46,"C","B",2,"D",2,"B","A","Good"
"D",12,"C","A",3527,"E","B",3,"B","A",3,"B",45,"C","B",1,"D",2,"B","A","Good"
"D",10,"C","A",1546,"A","C",3,"C","A",2,"A",31,"C","B",1,"B",2,"A","B","Good"
"D",24,"C","C",929,"E","D",3,"D","A",2,"C",31,"B","B",1,"C",1,"B","A","Good"
"D",4,"E","A",1455,"A","D",3,"B","A",1,"A",42,"C","B",3,"B",2,"A","A","Good"
"A",15,"C","C",1845,"A","B",2,"D","C",1,"B",46,"C","A",1,"C",1,"A","A","Good"
"B",48,"A","A",8358,"C","B",2,"A","A",1,"C",30,"C","B",2,"C",1,"A","A","Good"
"A",24,"B","C",3349,"C","B",3,"D","A",4,"D",30,"C","C",1,"C",2,"B","A","Bad"
"D",12,"C","A",2859,"E","A",3,"D","A",4,"D",38,"C","B",1,"D",1,"B","A","Good"
"D",18,"C","C",1533,"A","B",4,"D","B",1,"B",43,"C","B",1,"B",2,"A","A","Bad"
"D",24,"C","D",3621,"B","E",3,"B","A",4,"C",31,"C","B",2,"C",1,"A","A","Bad"
"B",18,"E","I",3590,"A","A",4,"C","A",3,"C",40,"C","B",3,"A",2,"B","A","Good"
"A",36,"D","I",2145,"A","D",3,"B","A",1,"C",24,"C","B",2,"C",1,"B","A","Bad"
"B",24,"C","B",4113,"C","B",2,"C","A",4,"C",28,"C","A",1,"C",1,"A","A","Bad"
"D",36,"C","C",10974,"A","A",2,"D","A",2,"C",26,"C","B",2,"D",1,"B","A","Bad"
"A",12,"C","A",1893,"A","C",2,"D","C",4,"B",29,"C","B",1,"C",1,"B","A","Good"
"A",24,"E","D",1231,"D","E",2,"D","A",4,"B",57,"C","A",2,"D",1,"B","A","Good"
"C",30,"E","D",3656,"E","E",3,"D","A",4,"B",49,"B","B",2,"B",1,"A","A","Good"
"B",9,"E","D",1154,"A","E",3,"B","A",4,"A",37,"C","B",3,"B",1,"A","A","Good"
"A",28,"C","A",4006,"A","C",3,"C","A",2,"C",45,"C","B",1,"B",1,"A","A","Bad"
"B",24,"C","C",3069,"B","E",3,"D","A",4,"D",30,"C","C",1,"C",1,"A","A","Good"
"D",6,"E","D",1740,"A","E",4,"B","A",2,"A",30,"C","A",2,"C",1,"A","A","Good"
"B",21,"D","A",2353,"A","C",1,"A","A",4,"B",47,"C","B",2,"C",1,"A","A","Good"
"D",15,"C","A",3556,"E","C",3,"C","A",2,"D",29,"C","B",1,"C",1,"A","A","Good"
"D",24,"C","D",2397,"C","E",3,"C","A",2,"C",35,"A","B",2,"C",1,"B","A","Bad"
"B",6,"C","F",454,"A","B",4,"C","A",1,"B",22,"C","B",1,"B",1,"A","A","Good"
"B",30,"C","D",1715,"E","C",2,"D","A",1,"C",26,"C","B",1,"C",1,"A","A","Good"
"B",27,"E","D",2520,"C","C",3,"D","A",2,"B",23,"C","B",2,"B",1,"A","A","Bad"
"D",15,"C","D",3568,"A","E",2,"D","A",2,"C",54,"A","A",1,"D",1,"B","A","Good"
"D",42,"C","D",7166,"E","D",4,"B","A",4,"B",29,"C","A",1,"C",1,"B","A","Good"
"A",11,"E","A",3939,"A","C",3,"A","A",2,"A",40,"C","B",2,"B",2,"A","A","Good"
"B",15,"C","F",1514,"B","C",3,"D","C",2,"A",22,"C","B",1,"C",1,"A","A","Good"
"D",24,"C","A",7393,"A","C",3,"A","A",4,"B",43,"C","B",1,"B",2,"A","A","Good"
"A",24,"B","A",1193,"A","A",2,"A","B",4,"D",29,"C","A",2,"A",1,"A","A","Bad"
"A",60,"C","I",7297,"A","E",3,"D","B",4,"D",36,"C","A",1,"C",1,"A","A","Bad"
"D",30,"E","D",2831,"A","C",2,"D","A",2,"C",33,"C","B",1,"C",1,"B","A","Good"
"C",24,"C","D",1258,"C","C",2,"C","A",3,"C",57,"C","B",1,"B",1,"A","A","Good"
"B",6,"C","D",753,"A","C",2,"B","C",3,"A",64,"C","B",1,"C",1,"A","A","Good"
"B",18,"D","I",2427,"E","E",3,"D","A",2,"B",42,"C","B",2,"C",1,"A","A","Good"
"D",24,"D","A",2538,"A","E",3,"D","A",4,"C",47,"C","B",2,"B",2,"A","A","Bad"
"B",15,"B","A",1264,"B","C",4,"B","A",2,"B",25,"C","A",1,"C",1,"A","A","Bad"
"B",30,"E","C",8386,"A","D",3,"B","A",2,"B",49,"C","B",1,"C",1,"A","A","Bad"
"D",48,"C","I",4844,"A","A",3,"C","A",2,"C",33,"A","A",1,"D",1,"B","A","Bad"
"C",21,"C","A",2923,"B","C",2,"A","A",1,"C",28,"A","B",1,"D",1,"B","A","Good"
"A",36,"C","B",8229,"A","C",3,"B","A",2,"B",26,"C","B",1,"C",2,"A","A","Bad"
"D",24,"E","C",2028,"A","D",3,"B","A",2,"B",30,"C","B",2,"B",1,"A","A","Good"
"A",15,"E","C",1433,"A","C",2,"D","A",3,"B",25,"C","A",2,"C",1,"A","A","Good"
"C",42,"A","I",6289,"A","B",1,"B","A",1,"B",33,"C","B",2,"C",1,"A","A","Good"
"D",13,"C","D",1409,"B","A",2,"B","A",4,"A",64,"C","B",1,"C",1,"A","A","Good"
"A",24,"C","B",6579,"A","A",3,"D","A",2,"D",29,"C","C",1,"D",1,"B","A","Good"
"B",24,"E","D",1743,"A","E",3,"D","A",2,"B",48,"C","B",2,"B",1,"A","A","Good"
"D",12,"E","G",3565,"E","B",3,"B","A",1,"B",37,"C","B",2,"B",2,"A","A","Good"
"D",15,"B","D",1569,"B","E",3,"D","A",4,"C",34,"A","B",1,"B",2,"A","A","Good"
"A",18,"C","D",1936,"E","D",4,"B","A",4,"C",23,"C","A",2,"B",1,"A","A","Good"
"A",36,"C","C",3959,"A","A",3,"D","A",3,"B",30,"C","B",1,"D",1,"B","A","Good"
"D",12,"C","A",2390,"E","E",3,"D","A",3,"C",50,"C","B",1,"C",1,"B","A","Good"
"D",12,"C","C",1736,"A","D",2,"C","A",4,"A",31,"C","B",1,"B",1,"A","A","Good"
"A",30,"C","B",3857,"A","C",1,"D","A",4,"B",40,"C","B",1,"D",1,"B","A","Good"
"D",12,"C","D",804,"A","E",3,"D","A",4,"C",38,"C","B",1,"C",1,"A","A","Good"
"A",45,"C","D",1845,"A","C",3,"D","A",4,"D",23,"C","C",1,"C",1,"B","A","Bad"
"B",45,"E","B",4576,"B","A",3,"C","A",4,"C",27,"C","B",1,"C",1,"A","A","Good"
